,thương,hiệu,cho,hoa,đà,lạt,ly,vào,hội,khí,hậu,cảnh,quang,và,là,3,thế,mạnh,làm,nên,du,lịch,nhưng,để,khẳng,định,như,một,thách,thức,không,nhỏ,trước,đây,ngự,trị,mọi,nơi,ở,nổi,tiếng,cũng,vì,ngoài,đào,phượng,tím,mimosa,forget,me,not,hay,dã,quỳ,vàng,rực,dưới,tán,rừng,thông,trên,các,sườn,đồi,ẩn,khe,sâu,bụi,cỏ,những,loài,có,tên,đủ,màu,chen,giữa,xanh,của,tim,lưu,thạch,thảo,sim,mua,hồng,lay,dơn,cam,thủy,tiên,dệt,chiếc,áo,vùng,ôn,đới,thành,phố,cuộc,di,cư,theo,chân,người,margarit,cẩm,tú,cầu,trà,my,côlicô,đã,khai,sinh,hình,làng,đầu,năm,1930,–,1940,kỷ,vạn,đa,thiện,đông,tỉnh,mpk,với,nắng,gió,lặng,lẽ,quá,ồn,ào,đứa,con,bất,ngờ,ra,mắt,công,chúng,yêu,thích,ảnh,nghệ,thuật,bằng,triển,lãm,riêng,chủ,đề,tài,năng,lòng,đam,mê,tự,nhiên,mang,đến,“giai,điệu”,cao,nguyên,được,ký,thác,trong,90,bức,khác,nhau,cung,bật,sắc,độc,đáo,về,đời,sống,bốn,mùa,đi,dương,gian,96,nói,huyền,nhiệm,tại,trung,tâm,tin,festival,số,đường,yersin,bộ,tình,côn,trùng,giới,h,x,hasfarm,mở,mặc,dù,phẩm,trồng,vẫn,còn,lạc,nhân,mười,lời,bùi,văn,ghép,hà,nội,cây,biết,yếu,loại,cúc,nhật,lis,pháp,bông,đẹp,tính,mại,chuyến,hàng,xuất,nước,1983,1985,32,000,cành,sang,tiệp,khắc,liên,xô,cũ,rồi,giống,dần,bị,thoái,hóa,mới,thay,điều,kiện,vươn,thị,trường,gặp,khó,khăn,lại,quanh,quẩn,địa,cách,mạng,nông,nghiệp,bắt,từ,luồng,dalat,1994,ty,chương,nghề,hướng,chuyên,canh,ứng,dụng,học,chọn,lựa,tưới,bảo,quản,chăm,sóc,trăm,nhập,nam,á,châu,âu,indonesia,tuy,líp,ngàn,sao,ayum,trắng,đỏ,đầy,hương,thơm,phát,mẽ,qua,từng,dân,tiếp,thu,tư,sản,tới,khẩu,hiện,mét,vuông,nhà,kính,chi,cục,hải,quan,nay,chỉ,lượng,gần,25,triệu,lan,bản,khu,vực,giá,4,950,504,usd,gì,lâu,nó,cả,trình,đó,phải,nguồn,quy,đại,hoạch,tác,cố,gắng,thực,tế,kịp,vườn,truyền,thống,trội,phong,chưa,quả,nhiều,sưu,tập,ghi,quỹ,gen,vật,quý,hiếm,hài,chẳng,hạn,mô,ngoại,đặc,chế,ông,đệ,lớn,nhất,30,chậu,rằng,300,lợi,mà,ít,miltoniopsis,rozel,đưa,trở,cần,sự,hỗ,trợ,đắc,lực,khoa,chính,quyền,lâm,đồng,quyết,hy,vọng,xa,nữa,2005,diễn,xe,món,“khai,vị”,khi,lễ,mạc,màn,mẫu,“rực,rỡ,hoa”,cùng,nhóm,nhạc,diễu,hành,tuyến,thời,lúc,16,giờ,ngày,10,12,đêm,“đà,bạn,20,sân,khấu,hồ,xuân,sức,chứa,14,chỗ,quảng,biểu,thuyền,đăng,ánh,sáng,laser,chợ,350,tham,gia,thiệu,thiết,mặt,sẽ,hoạt,động,tìm,hiểu,hợp,lĩnh,9,17,điểm,hẹn,muôn,11,18,viên,trưng,bày,tiêu,xứ,nóng,miền,việt,cấp,giao,dịch,kết,bán,“tây,diệu”,tranh,vẽ,nêu,tượng,gỗ,5,tây,đắk,lắk,lai,kon,tum,bên,thơ,mộng,thi,leo,núi,“sức,trẻ,chinh,phục,lang,biang”,dành,đối,8,biang,lượn,độ,hơn,2,yêu”,loạt,bay,thắp,cưới,bạc,thể,tổ,chức,khách,sạn,palace,13,15,rượu,vang,“men,nguyên”,19,hòa,bình,thưởng,vị,ẩm,tộc,khiêu,vũ,cộng,bế,“lưu,luyến,gồm,thúc,dáng,diệu,tp,do,500
0,0.03322280886221298,0.04267734608826135,0.03726519661869698,0.030163861344696122,0.02368736530939409,0.021848581329762074,0.1017879328888454,0.04626660582930048,0.035117346730634505,0.06856512402663241,0.057415864927966444,0.06856512402663241,0.057415864927966444,0.02120387954689801,0.028595448247090757,0.057415864927966444,0.029995024576327783,0.0508939664444227,0.04626660582930048,0.04626660582930048,0.04267734608826135,0.04626660582930048,,,,,,,,,,,,,,,,,,,,,,,,,,,,,,,,,,,,,,,,,,,,,,,,,,,,,,,,,,,,,,,,,,,,,,,,,,,,,,,,,,,,,,,,,,,,,,,,,,,,,,,,,,,,,,,,,,,,,,,,,,,,,,,,,,,,,,,,,,,,,,,,,,,,,,,,,,,,,,,,,,,,,,,,,,,,,,,,,,,,,,,,,,,,,,,,,,,,,,,,,,,,,,,,,,,,,,,,,,,,,,,,,,,,,,,,,,,,,,,,,,,,,,,,,,,,,,,,,,,,,,,,,,,,,,,,,,,,,,,,,,,,,,,,,,,,,,,,,,,,,,,,,,,,,,,,,,,,,,,,,,,,,,,,,,,,,,,,,,,,,,,,,,,,,,,,,,,,,,,,,,,,,,,,,,,,,,,,,,,,,,,,,,,,,,,,,,,,,,,,,,,,,,,,,,,,,,,,,,,,,,,,,,,,,,,,,,,,,,,,,,,,,,,,,,,,,,,,,,,,,,,,,,,,,,,,,,,,,,,,,,,,,,,,,,,,,,,,,,,,,,,,,,,,,,,,,,,,,,,,,,,,,,,,,,,,,,,,,,,,,,,,,,,,,,,
1,0.03322280886221298,0.04267734608826135,,0.020109240896464084,0.02368736530939409,0.021848581329762074,,,,,,,,,0.028595448247090757,,,,,,,,0.03726519661869698,0.04626660582930048,0.0508939664444227,0.0508939664444227,0.04267734608826135,0.04793617526393707,0.06856512402663241,0.057415864927966444,0.03726519661869698,0.057415864927966444,0.04267734608826135,0.04626660582930048,0.06856512402663241,0.0508939664444227,0.06856512402663241,0.04626660582930048,0.039744707345756726,,,,,,,,,,,,,,,,,,,,,,,,,,,,,,,,,,,,,,,,,,,,,,,,,,,,,,,,,,,,,,,,,,,,,,,,,,,,,,,,,,,,,,,,,,,,,,,,,,,,,,,,,,,,,,,,,,,,,,,,,,,,,,,,,,,,,,,,,,,,,,,,,,,,,,,,,,,,,,,,,,,,,,,,,,,,,,,,,,,,,,,,,,,,,,,,,,,,,,,,,,,,,,,,,,,,,,,,,,,,,,,,,,,,,,,,,,,,,,,,,,,,,,,,,,,,,,,,,,,,,,,,,,,,,,,,,,,,,,,,,,,,,,,,,,,,,,,,,,,,,,,,,,,,,,,,,,,,,,,,,,,,,,,,,,,,,,,,,,,,,,,,,,,,,,,,,,,,,,,,,,,,,,,,,,,,,,,,,,,,,,,,,,,,,,,,,,,,,,,,,,,,,,,,,,,,,,,,,,,,,,,,,,,,,,,,,,,,,,,,,,,,,,,,,,,,,,,,,,,,,,,,,,,,,,,,,,,,,,,,,,,,,,,,,,,,,,,,,,,,,,,,,,,,,,,,,,,,,,,,,,,,,,,,,,,,,,
2,,,,0.03878210744318073,0.04568277595383145,0.04213654970739829,,,,,,,,,,,,,,,,,,,,,,,,,,,,,,,,,,0.17845690819873042,0.22146119329358485,0.16461262062615092,0.2644654783884393,,,,,,,,,,,,,,,,,,,,,,,,,,,,,,,,,,,,,,,,,,,,,,,,,,,,,,,,,,,,,,,,,,,,,,,,,,,,,,,,,,,,,,,,,,,,,,,,,,,,,,,,,,,,,,,,,,,,,,,,,,,,,,,,,,,,,,,,,,,,,,,,,,,,,,,,,,,,,,,,,,,,,,,,,,,,,,,,,,,,,,,,,,,,,,,,,,,,,,,,,,,,,,,,,,,,,,,,,,,,,,,,,,,,,,,,,,,,,,,,,,,,,,,,,,,,,,,,,,,,,,,,,,,,,,,,,,,,,,,,,,,,,,,,,,,,,,,,,,,,,,,,,,,,,,,,,,,,,,,,,,,,,,,,,,,,,,,,,,,,,,,,,,,,,,,,,,,,,,,,,,,,,,,,,,,,,,,,,,,,,,,,,,,,,,,,,,,,,,,,,,,,,,,,,,,,,,,,,,,,,,,,,,,,,,,,,,,,,,,,,,,,,,,,,,,,,,,,,,,,,,,,,,,,,,,,,,,,,,,,,,,,,,,,,,,,,,,,,,,,,,,,,,,,,,,,,,,,,,,,,,,,,,,,,,
3,,,,,,,,,,,,,,,,,,,,,,,,,,,,,,,,,,,,,,,,,,,,0.13413838729192895,0.19377854413188675,0.2314072935898844,0.19377854413188675,0.2314072935898844,0.2314072935898844,0.2314072935898844,0.2314072935898844,,,,,,,,,,,,,,,,,,,,,,,,,,,,,,,,,,,,,,,,,,,,,,,,,,,,,,,,,,,,,,,,,,,,,,,,,,,,,,,,,,,,,,,,,,,,,,,,,,,,,,,,,,,,,,,,,,,,,,,,,,,,,,,,,,,,,,,,,,,,,,,,,,,,,,,,,,,,,,,,,,,,,,,,,,,,,,,,,,,,,,,,,,,,,,,,,,,,,,,,,,,,,,,,,,,,,,,,,,,,,,,,,,,,,,,,,,,,,,,,,,,,,,,,,,,,,,,,,,,,,,,,,,,,,,,,,,,,,,,,,,,,,,,,,,,,,,,,,,,,,,,,,,,,,,,,,,,,,,,,,,,,,,,,,,,,,,,,,,,,,,,,,,,,,,,,,,,,,,,,,,,,,,,,,,,,,,,,,,,,,,,,,,,,,,,,,,,,,,,,,,,,,,,,,,,,,,,,,,,,,,,,,,,,,,,,,,,,,,,,,,,,,,,,,,,,,,,,,,,,,,,,,,,,,,,,,,,,,,,,,,,,,,,,,,,,,,,,,,,,,,,,,,,,,,,,,,,,,,,,,,
4,,,,,,,,,,,,,,,,,,,,,,,,,,,,,,,,,,,,,,,,,,,,,,,,,,,,0.31004567061101884,0.37025166974381507,0.37025166974381507,0.2748274187998826,0.37025166974381507,,,,,,,,,,,,,,,,,,,,,,,,,,,,,,,,,,,,,,,,,,,,,,,,,,,,,,,,,,,,,,,,,,,,,,,,,,,,,,,,,,,,,,,,,,,,,,,,,,,,,,,,,,,,,,,,,,,,,,,,,,,,,,,,,,,,,,,,,,,,,,,,,,,,,,,,,,,,,,,,,,,,,,,,,,,,,,,,,,,,,,,,,,,,,,,,,,,,,,,,,,,,,,,,,,,,,,,,,,,,,,,,,,,,,,,,,,,,,,,,,,,,,,,,,,,,,,,,,,,,,,,,,,,,,,,,,,,,,,,,,,,,,,,,,,,,,,,,,,,,,,,,,,,,,,,,,,,,,,,,,,,,,,,,,,,,,,,,,,,,,,,,,,,,,,,,,,,,,,,,,,,,,,,,,,,,,,,,,,,,,,,,,,,,,,,,,,,,,,,,,,,,,,,,,,,,,,,,,,,,,,,,,,,,,,,,,,,,,,,,,,,,,,,,,,,,,,,,,,,,,,,,,,,,,,,,,,,,,,,,,,,,,,,,,,,,,,,,,,,,,,,,,,,,,,,,,,,,,
5,,,,0.010858990084090605,,,,,,,,,,0.022900189910649855,0.03088308410685802,,,,,,,,,,,,,,,,0.04024641234819274,,,,,,,,,,,,,,,,,,,,,,,,,,0.14810066789752602,0.07405033394876301,0.07405033394876301,0.04996793429564452,0.03588063357119002,0.024832377093632056,0.07405033394876301,0.07405033394876301,0.07405033394876301,0.07405033394876301,0.07405033394876301,0.07405033394876301,0.06200913412220376,0.03792673446908527,0.04996793429564452,0.028205212521633494,0.12401826824440752,0.06200913412220376,0.04292428393341727,,,,,,,,,,,,,,,,,,,,,,,,,,,,,,,,,,,,,,,,,,,,,,,,,,,,,,,,,,,,,,,,,,,,,,,,,,,,,,,,,,,,,,,,,,,,,,,,,,,,,,,,,,,,,,,,,,,,,,,,,,,,,,,,,,,,,,,,,,,,,,,,,,,,,,,,,,,,,,,,,,,,,,,,,,,,,,,,,,,,,,,,,,,,,,,,,,,,,,,,,,,,,,,,,,,,,,,,,,,,,,,,,,,,,,,,,,,,,,,,,,,,,,,,,,,,,,,,,,,,,,,,,,,,,,,,,,,,,,,,,,,,,,,,,,,,,,,,,,,,,,,,,,,,,,,,,,,,,,,,,,,,,,,,,,,,,,,,,,,,,,,,,,,,,,,,,,,,,,,,,,,,,,,,,,,,,,,,,,,,,,,,,,,,,,,,,,,,,,,,,,,,,,,,,,,,,,,,,,,,,,,,,,,,,,,,,,,,,,,,,,,,,,,,,,,,,,,,,,,,,,,,,,,,,,,,,,,,,,,,,,,,,,,,,,,,,,,,,,
6,,,,0.009695526860795183,,,0.049076324785693314,,,,,,,,,,,,,,,,,,,,,0.02311208450225537,,,,,,,,,,,,,,,,,,,0.05536529832339621,,,,,,,,,,,,,,,,,,,,,,0.05536529832339621,,,,,,0.1533010140479188,0.06611636959710983,0.05536529832339621,0.06611636959710983,0.0886870610486859,0.06611636959710983,0.06611636959710983,0.06611636959710983,0.06611636959710983,0.06611636959710983,0.05536529832339621,0.04115315515653773,0.06611636959710983,0.06611636959710983,0.06611636959710983,0.06611636959710983,0.049076324785693314,,,,,,,,,,,,,,,,,,,,,,,,,,,,,,,,,,,,,,,,,,,,,,,,,,,,,,,,,,,,,,,,,,,,,,,,,,,,,,,,,,,,,,,,,,,,,,,,,,,,,,,,,,,,,,,,,,,,,,,,,,,,,,,,,,,,,,,,,,,,,,,,,,,,,,,,,,,,,,,,,,,,,,,,,,,,,,,,,,,,,,,,,,,,,,,,,,,,,,,,,,,,,,,,,,,,,,,,,,,,,,,,,,,,,,,,,,,,,,,,,,,,,,,,,,,,,,,,,,,,,,,,,,,,,,,,,,,,,,,,,,,,,,,,,,,,,,,,,,,,,,,,,,,,,,,,,,,,,,,,,,,,,,,,,,,,,,,,,,,,,,,,,,,,,,,,,,,,,,,,,,,,,,,,,,,,,,,,,,,,,,,,,,,,,,,,,,,,,,,,,,,,,,,,,,,,,,,,,,,,,,,,,,,,,,,,,,,,,,,,,,,,,,,,,,,,,,,,,,,,,,,,,,,,,,,,,,,,,,,,,,
7,,,,0.03393434401278314,0.019986214479801263,0.018434740496986752,,,,,,,,,,,,,0.07807489733694456,0.15614979467388912,,,,,,,,0.0404461478789469,,,,,,,,,,,,,,,,,,,,,,,,,,,,,,,,,,,,,,,,,,,,,,,,,,,,,,,,,,,,,,,,0.1157036467949422,0.1157036467949422,0.1157036467949422,0.0858835683749633,0.09688927206594337,0.09688927206594337,0.07201802152394103,0.0858835683749633,,,,,,,,,,,,,,,,,,,,,,,,,,,,,,,,,,,,,,,,,,,,,,,,,,,,,,,,,,,,,,,,,,,,,,,,,,,,,,,,,,,,,,,,,,,,,,,,,,,,,,,,,,,,,,,,,,,,,,,,,,,,,,,,,,,,,,,,,,,,,,,,,,,,,,,,,,,,,,,,,,,,,,,,,,,,,,,,,,,,,,,,,,,,,,,,,,,,,,,,,,,,,,,,,,,,,,,,,,,,,,,,,,,,,,,,,,,,,,,,,,,,,,,,,,,,,,,,,,,,,,,,,,,,,,,,,,,,,,,,,,,,,,,,,,,,,,,,,,,,,,,,,,,,,,,,,,,,,,,,,,,,,,,,,,,,,,,,,,,,,,,,,,,,,,,,,,,,,,,,,,,,,,,,,,,,,,,,,,,,,,,,,,,,,,,,,,,,,,,,,,,,,,,,,,,,,,,,,,,,,,,,,,,,,,,,,,,,,,,,,,,,,,,,,,,,,,,,,,,,,,,,,,,,,,,,,,
8,,,,0.019391053721590366,,,,,,,,,,,,,,,,,,,,,,,,,,,,,,,,,,,,,,0.08230631031307546,,,,,,,,,,,,,,,,,,,,0.04434353052434295,,,,,,,,0.06772631155193798,0.08922845409936521,,,,,,,,0.04434353052434295,,,,,,,,,,,,,,,,,,,,,0.08922845409936521,0.2644654783884393,0.2644654783884393,0.09815264957138663,0.13223273919421966,0.09815264957138663,,,,,,,,,,,,,,,,,,,,,,,,,,,,,,,,,,,,,,,,,,,,,,,,,,,,,,,,,,,,,,,,,,,,,,,,,,,,,,,,,,,,,,,,,,,,,,,,,,,,,,,,,,,,,,,,,,,,,,,,,,,,,,,,,,,,,,,,,,,,,,,,,,,,,,,,,,,,,,,,,,,,,,,,,,,,,,,,,,,,,,,,,,,,,,,,,,,,,,,,,,,,,,,,,,,,,,,,,,,,,,,,,,,,,,,,,,,,,,,,,,,,,,,,,,,,,,,,,,,,,,,,,,,,,,,,,,,,,,,,,,,,,,,,,,,,,,,,,,,,,,,,,,,,,,,,,,,,,,,,,,,,,,,,,,,,,,,,,,,,,,,,,,,,,,,,,,,,,,,,,,,,,,,,,,,,,,,,,,,,,,,,,,,,,,,,,,,,,,,,,,,,,,,,,,,,,,,,,,,,,,,,,,,,,,,,,,,,,,,,,,,,,,,,,,,,,,,,,,,,,,,,,,,,
9,,,,0.03393434401278314,,,,,,,,,,,,,,,,,,,,,,,,,,,,,,,,,,,,,,,,,,,,,,,,,,,,,,,,,,,,,,,,,,,,,,,,,,,,,,,,,,,,,,,,,,,,,,,,,,,,,,0.2314072935898844,0.2314072935898844,0.2314072935898844,0.2314072935898844,0.2314072935898844,0.2314072935898844,0.2314072935898844,,,,,,,,,,,,,,,,,,,,,,,,,,,,,,,,,,,,,,,,,,,,,,,,,,,,,,,,,,,,,,,,,,,,,,,,,,,,,,,,,,,,,,,,,,,,,,,,,,,,,,,,,,,,,,,,,,,,,,,,,,,,,,,,,,,,,,,,,,,,,,,,,,,,,,,,,,,,,,,,,,,,,,,,,,,,,,,,,,,,,,,,,,,,,,,,,,,,,,,,,,,,,,,,,,,,,,,,,,,,,,,,,,,,,,,,,,,,,,,,,,,,,,,,,,,,,,,,,,,,,,,,,,,,,,,,,,,,,,,,,,,,,,,,,,,,,,,,,,,,,,,,,,,,,,,,,,,,,,,,,,,,,,,,,,,,,,,,,,,,,,,,,,,,,,,,,,,,,,,,,,,,,,,,,,,,,,,,,,,,,,,,,,,,,,,,,,,,,,,,,,,,,,,,,,,,,,,,,,,,,,,,,,,,,,,,,,,,,,,,,,,,,,,,,,,,,,,,,,,,,
10,,,,0.014288144847487638,0.008415248202021584,0.007761995998731263,,,,,,,,,,,0.0213122543042329,,0.03287364098397665,0.0657472819679533,,,,,,,0.03032337748376464,,,,,,0.03032337748376464,,,,,,,0.03287364098397665,0.04079548297513405,,,,,,,,,,,0.04079548297513405,,,,,,,,,,0.016337090193178982,,,,,,,,0.04990359798563851,,,,,,,,,0.032674180386357964,,,,,,,,,,,,0.036161502473668755,,,,,,,0.06064675496752928,,,,,,,,,,,,,,,0.03032337748376464,0.03287364098397665,0.04079548297513405,0.04871732496629145,0.0974346499325829,0.019403026221374697,0.03032337748376464,0.04871732496629145,0.024951798992819255,0.04871732496629145,0.04871732496629145,0.04871732496629145,0.04871732496629145,0.04871732496629145,0.036161502473668755,0.036161502473668755,,,,,,,,,,,,,,,,,,,,,,,,,,,,,,,,,,,,,,,,,,,,,,,,,,,,,,,,,,,,,,,,,,,,,,,,,,,,,,,,,,,,,,,,,,,,,,,,,,,,,,,,,,,,,,,,,,,,,,,,,,,,,,,,,,,,,,,,,,,,,,,,,,,,,,,,,,,,,,,,,,,,,,,,,,,,,,,,,,,,,,,,,,,,,,,,,,,,,,,,,,,,,,,,,,,,,,,,,,,,,,,,,,,,,,,,,,,,,,,,,,,,,,,,,,,,,,,,,,,,,,,,,,,,,,,,,,,,,,,,,,,,,,,,,,,,,,,,,,,,,,,,,,,,,,,,,,,,,,,,,,,,,,,,,,,,,,,,,,,,,,,,,,,,,,,,,,,,,,,,,,,,,,,,,,,,,,,,,,,,,,,,,,,,,,,,,,,,,,,,,,,,,,,,,,,,,,,,,,,,,,,,,,,,,,,,,,,,,,,,,,,,,
11,,,,,0.014873461938456754,0.013718876648920374,,,,,,,,0.026628127803081228,,,,,,,,,,,,,,0.01504972944332908,,,0.023399076946623687,,,,,,,,,,,,,,,,,,,,,,,,,,,,,,,,,,,,,,,,,,,,,,,,0.014437428542809334,,,,,,,,,,,,,,,,,,,,,0.029051124590490997,,,,,,,,,,,,,,,,,,,,,0.02205042701691004,,,,,,,,0.07210364432814391,0.035910562914951184,0.07210364432814391,0.06391335320927502,0.043052519737652915,0.043052519737652915,0.03195667660463751,0.043052519737652915,0.043052519737652915,0.043052519737652915,0.036051822164071955,0.043052519737652915,0.043052519737652915,0.02205042701691004,0.036051822164071955,0.016398379373042726,0.03195667660463751,0.03195667660463751,0.043052519737652915,0.0267974033577455,0.015701560224730092,0.023399076946623687,0.036051822164071955,0.0267974033577455,0.029051124590490997,0.036051822164071955,0.02205042701691004,0.029051124590490997,,,,,,,,,,,,,,,,,,,,,,,,,,,,,,,,,,,,,,,,,,,,,,,,,,,,,,,,,,,,,,,,,,,,,,,,,,,,,,,,,,,,,,,,,,,,,,,,,,,,,,,,,,,,,,,,,,,,,,,,,,,,,,,,,,,,,,,,,,,,,,,,,,,,,,,,,,,,,,,,,,,,,,,,,,,,,,,,,,,,,,,,,,,,,,,,,,,,,,,,,,,,,,,,,,,,,,,,,,,,,,,,,,,,,,,,,,,,,,,,,,,,,,,,,,,,,,,,,,,,,,,,,,,,,,,,,,,,,,,,,,,,,,,,,,,,,,,,,,,,,,,,,,,,,,,,,,,,,,,,,,,,,,,,,,,,,,,,,,,,,,,,,,,,,,,,,,,,,,,,,,,,,,,,,,,,,,,,,,,,,,,,,,,,,,,,,,,,,,,,,,,,,,,,,,,,,,,,,
12,,,0.018293823794633065,,,,,,,,,,,0.01040917723211357,,,,,,,,,,,,,,0.0117661521102391,,,,,,,,,,0.022712697407111144,,,,,,,,,,,,,,,,,,,,,,,,,,,,,,,,0.017239424758675122,,,,,0.019511038151553303,,,,0.011287444133469115,,,,,,,,,,,,,,,,,,,,,,,,,,,,,,,,,,,,,,,,,,,,,,,,,,0.028185970055547162,0.014037765503117281,0.056371940111094324,0.04996862159997865,,,,,,,,,,,,0.012820551146197042,0.024984310799989324,,,0.020950697170601027,0.012275765266607163,0.018293823794633065,0.028185970055547162,,,,,,0.03365924270398318,0.03365924270398318,0.03365924270398318,0.03365924270398318,0.03365924270398318,0.028185970055547162,0.028185970055547162,0.024984310799989324,0.019511038151553303,0.03365924270398318,0.03365924270398318,0.020950697170601027,0.028185970055547162,0.01630937889599546,0.028185970055547162,0.028185970055547162,0.039022076303106605,0.03365924270398318,0.028185970055547162,0.028185970055547162,0.03365924270398318,0.028185970055547162,0.03365924270398318,0.019511038151553303,0.03365924270398318,0.03365924270398318,0.03658764758926613,0.024984310799989324,0.03365924270398318,0.03365924270398318,0.03365924270398318,0.03365924270398318,0.03365924270398318,0.018293823794633065,,,,,,,,,,,,,,,,,,,,,,,,,,,,,,,,,,,,,,,,,,,,,,,,,,,,,,,,,,,,,,,,,,,,,,,,,,,,,,,,,,,,,,,,,,,,,,,,,,,,,,,,,,,,,,,,,,,,,,,,,,,,,,,,,,,,,,,,,,,,,,,,,,,,,,,,,,,,,,,,,,,,,,,,,,,,,,,,,,,,,,,,,,,,,,,,,,,,,,,,,,,,,,,,,,,,,,,,,,,,,,,,,,,,,,,,,,,,,,,,,,,,,,,,,,,,,,,,,,,,,,,,,,,,,,,,,,,,,,,,,,,,,,,,,,,,,,,,,,,,,,,,,,,,,,,,,,,,,,,,,,,,,,,,,,,,,,,,,,,,,,,,,,,,,,,,,,,,,,,,,,,,,,,,,,,,,,,,,,,,,,,
13,,,,0.007756421488636147,0.018273110381532582,0.016854619882959315,,,,,,,,,,0.04429223865871697,,,,,,,,,,,,,,,,,,,,,,,,,,0.03292252412523018,,0.03066020280958376,,,,,,,,,,,,,,,,0.035691381639746084,0.02562902397942144,,,,,,,,,,,,,,,,,,,,,,,,,,,,,,,,,,,,,,,,,,,,,,,,,,,,,,,,,,,,0.02709052462077519,,,,,,,,,,,,,,,,,,,,,0.02709052462077519,0.04429223865871697,0.02014658037259535,0.03926105982855465,,,0.03292252412523018,0.01929048827609697,0.028747437391566242,,0.03292252412523018,0.035691381639746084,,,,,,,,,,,,,,,,,0.02562902397942144,,,,,0.04429223865871697,,,,,,,,0.028747437391566242,,,,,,,,0.052893095677687865,0.04429223865871697,0.03926105982855465,0.052893095677687865,0.023139018958881433,0.03926105982855465,0.04429223865871697,0.04429223865871697,0.035691381639746084,0.03066020280958376,0.03926105982855465,0.04429223865871697,,,,,,,,,,,,,,,,,,,,,,,,,,,,,,,,,,,,,,,,,,,,,,,,,,,,,,,,,,,,,,,,,,,,,,,,,,,,,,,,,,,,,,,,,,,,,,,,,,,,,,,,,,,,,,,,,,,,,,,,,,,,,,,,,,,,,,,,,,,,,,,,,,,,,,,,,,,,,,,,,,,,,,,,,,,,,,,,,,,,,,,,,,,,,,,,,,,,,,,,,,,,,,,,,,,,,,,,,,,,,,,,,,,,,,,,,,,,,,,,,,,,,,,,,,,,,,,,,,,,,,,,,,,,,,,,,,,,,,,,,,,,,,,,,,,,,,,,,,,,,,,,,,,,,,,,,,,,,,,,,,,,,,,,,,,,,,,,,,,,,,,,,,,,,,,,,,,,,,,,,,,,,,,,,,,
14,,,,0.01233976145919387,,,,,,,,,,,0.0350944137577932,,0.03681207561640228,,,,,,,,,,,,,,,,,0.056781743517777865,,,,,,,,,,,,,,,,,,,,,,,,,,,,0.02821861033367279,,,,,,,,0.04309856189668781,0.056781743517777865,,,,,,,,0.02821861033367279,,,,,,,,,,,,,,,,,,,,,,,,,,,,,,,,,,,,,,,,,,,,,,,,,,,,,,,,,,,,,,,,,,,0.062460776999973315,,0.052376742926502566,0.03068941316651791,0.045734559486582664,,,,,,,,,,,,0.07046492513886791,0.07046492513886791,,,,,,,,,,0.04877759537888326,,,,,,,,,,0.045734559486582664,,,,,,,,,0.07046492513886791,,,,,,,,,,,0.07046492513886791,0.062460776999973315,0.08414810675995797,0.08414810675995797,0.045734559486582664,,,,,,,,,,,,,,,,,,,,,,,,,,,,,,,,,,,,,,,,,,,,,,,,,,,,,,,,,,,,,,,,,,,,,,,,,,,,,,,,,,,,,,,,,,,,,,,,,,,,,,,,,,,,,,,,,,,,,,,,,,,,,,,,,,,,,,,,,,,,,,,,,,,,,,,,,,,,,,,,,,,,,,,,,,,,,,,,,,,,,,,,,,,,,,,,,,,,,,,,,,,,,,,,,,,,,,,,,,,,,,,,,,,,,,,,,,,,,,,,,,,,,,,,,,,,,,,,,,,,,,,,,,,,,,,,,,,,,,,,,,,,,,,,,,,,,,,,,,,,,,,,,,,,,,,,,,,,,,,,,,,,,,,,,,,,,,,,,,,,,,,,,,,,,,,,,,,,,,,,,,,,,,
15,,,,,,,,,,,,,,,,,,,,,,,,,,,,,,,,,,,,,,,,,,,,,,,,,,,,,,,,,,,,,,,,,,,,,,,,,,,,,,,,,,,,,,,,,,,,,,,,,,,,,,,,,,,,,,,,,,,,,,,,,,,,,,,,,,,,,,,,,,,,,,,,,,,,,,,,,,,,,,,,,,,,,,,,,,,,,,,,,,,,,,,,,,,,,,,,,,,,,,,,,,,,,,,,1.8512583487190752,,,,,,,,,,,,,,,,,,,,,,,,,,,,,,,,,,,,,,,,,,,,,,,,,,,,,,,,,,,,,,,,,,,,,,,,,,,,,,,,,,,,,,,,,,,,,,,,,,,,,,,,,,,,,,,,,,,,,,,,,,,,,,,,,,,,,,,,,,,,,,,,,,,,,,,,,,,,,,,,,,,,,,,,,,,,,,,,,,,,,,,,,,,,,,,,,,,,,,,,,,,,,,,,,,,,,,,,,,,,,,,,,,,,,,,,,,,,,,,,,,,,,,,,,,,,,,,,,,,,,,,,,,,,,,,,,,,,,,,,,,,,,,,,,,,,,,,,,,,,,,,,,,,,,,,,,,,,,,,,,,,,,,,,,,,,,,,,,,,,,,,,,,,,,,,,,,,,,,,,,,,,,
16,,,,,,,,,,,,,,,,,,,,,,,,,,,,,,,,,,,,,,,,,,,,,,,,,,,,,,,,,,,,,,,,,,,,,,,,,,,,,,,,,,,,,,,,,,,,,,,,,,,,,,,,,,,,,,,,,,,,,,,,,,,,,,,,,,,,,,,,,,,,,,,,,,,,,,,,,,,,,,,,,,,,,,,,,,,,,,,,,,,,,,,,,,,,,,,,,,,,,,,,,,,,,,,,,1.550228353055094,,,,,,,,,,,,,,,,,,,,,,,,,,,,,,,,,,,,,,,,,,,,,,,,,,,,,,,,,,,,,,,,,,,,,,,,,,,,,,,,,,,,,,,,,,,,,,,,,,,,,,,,,,,,,,,,,,,,,,,,,,,,,,,,,,,,,,,,,,,,,,,,,,,,,,,,,,,,,,,,,,,,,,,,,,,,,,,,,,,,,,,,,,,,,,,,,,,,,,,,,,,,,,,,,,,,,,,,,,,,,,,,,,,,,,,,,,,,,,,,,,,,,,,,,,,,,,,,,,,,,,,,,,,,,,,,,,,,,,,,,,,,,,,,,,,,,,,,,,,,,,,,,,,,,,,,,,,,,,,,,,,,,,,,,,,,,,,,,,,,,,,,,,,,,,,,,,,,,,,,,,,,
17,0.06186316132963796,0.03973408084079505,0.03469518305878685,0.02808359504506191,0.022053753908746223,0.02034178261736469,,,,,0.053456150105348064,,,,,,,,,,,,0.03469518305878685,,,,,,,,,,,,,,,,0.03700369304604936,,,,,,,,,,,,,,,,,,,,,,,,,,,,,,,,,0.024314838380718528,,,,,,,,,,,,,,,,,,,,,,,,,,,,,,,,,,,,,,,,,0.03973408084079505,,,,,0.02542465504869788,,,,,,,,,,,,,,,,,,,,,,,,,,0.024314838380718528,,,,,0.023281623781496345,,,,,,,,,,,,,,,,,,,,,,,,,,,,,,,,,,,,,,,,,,,,,,,0.047384037724117686,,,,,,,,,,,,,,0.043075805427279755,0.053456150105348064,0.06383649478341638,0.053456150105348064,0.047384037724117686,0.03093158066481898,0.047384037724117686,0.03973408084079505,0.06383649478341638,,,,,,,,,,,,,,,,,,,,,,,,,,,,,,,,,,,,,,,,,,,,,,,,,,,,,,,,,,,,,,,,,,,,,,,,,,,,,,,,,,,,,,,,,,,,,,,,,,,,,,,,,,,,,,,,,,,,,,,,,,,,,,,,,,,,,,,,,,,,,,,,,,,,,,,,,,,,,,,,,,,,,,,,,,,,,,,,,,,,,,,,,,,,,,,,,,,,,,,,,,,,,,,,,,,,,,,,,,,,,,,,,,,,,,,,,,,,,,,,,,,,,,,,,,,,,,,,,,,,,,,,,,,,,,,,,,,,,,,,,,,,,,,,,,,,,,,,,,,,,,,,,,,,,,,,,,,,,,,,,,,,,,,,,,,,,,,,,,,,,,,,,,,,,,,,,,,
18,0.016924827156221706,,0.018984156768015445,0.02048866053602001,0.012067148365163026,0.011130409356671245,,,,,,,,,,,,,,,,,0.018984156768015445,,,,,,,,0.03796831353603089,0.029249591567077245,0.021741289516661443,0.023569780328134206,,,,,,,,,,,0.05849918313415449,,,,,,,,,,,,,,,,0.016924827156221706,0.011713385421524553,,,,,,,,,,,,,0.020247303742177956,,,,0.011713385421524553,,,,,,,0.021741289516661443,,,,,,,,,,,,0.021741289516661443,,,,,,,0.025927114981120998,,,,,,,,,,,,,,,,,,,,,,,,,,,,,,,,,,,,,,,0.013304345529072401,,,,,0.01273900169176215,,,,,,0.017889969089191163,,,,,,,,,,,,,0.021741289516661443,,0.016924827156221706,,,,,,,,,,0.020247303742177956,,,,,,,,,,,,,,,,,,,,,,,,,,,,,,,,,,,0.016924827156221706,,,,0.029249591567077245,0.034929402806020284,0.06985880561204057,0.034929402806020284,0.034929402806020284,0.034929402806020284,0.029249591567077245,0.025927114981120998,0.029249591567077245,0.034929402806020284,0.025927114981120998,0.021741289516661443,0.029249591567077245,0.029249591567077245,0.034929402806020284,0.034929402806020284,0.034929402806020284,0.034929402806020284,0.029249591567077245,0.025927114981120998,,,,,,,,,,,,,,,,,,,,,,,,,,,,,,,,,,,,,,,,,,,,,,,,,,,,,,,,,,,,,,,,,,,,,,,,,,,,,,,,,,,,,,,,,,,,,,,,,,,,,,,,,,,,,,,,,,,,,,,,,,,,,,,,,,,,,,,,,,,,,,,,,,,,,,,,,,,,,,,,,,,,,,,,,,,,,,,,,,,,,,,,,,,,,,,,,,,,,,,,,,,,,,,,,,,,,,,,,,,,,,,,,,,,,,,,,,,,,,,,,,,,,,,,,,,,,,,,,,,,,,,,,,,,,,,,,,,,,,,,,,,,,,,,,,,,,,,,,,,,,,,,,,,,,,,,,,,,,,,,,,,,,,,,,,,,,,,
19,,,,0.013573737605113257,0.01598897158384101,0.014747792397589402,,0.06245991786955565,,,,,,,,,,,,,,,,,,,,,,,,,,,,,,,,,,,,0.053655354916771585,,,,,,,,,,,,,,,,,,,,,,,,,,0.04740841808635659,,,,,,,,,0.03104047136704007,,,,,,,,,,,,0.06870685469997065,,,,,,,,,,,,,,,,,,,,,,,,,,,0.03686574982061193,0.05761441721915283,,0.04740841808635659,,,,,,,,,0.03860385513357253,,,,,,,,,,,,0.04740841808635659,,,,,,,,,,,,,,,,,,,,,,,,,,,,,,,,,,,,,,,,,,,,,,,,,,,,,,,,,,,,,,,,,,,,,,,,,,,,,,,,,,,,,,,,,,,,,,,,,0.07751141765275471,0.06245991786955565,0.05030801543524093,0.04740841808635659,0.09256291743595377,0.09256291743595377,0.09256291743595377,,,,,,,,,,,,,,,,,,,,,,,,,,,,,,,,,,,,,,,,,,,,,,,,,,,,,,,,,,,,,,,,,,,,,,,,,,,,,,,,,,,,,,,,,,,,,,,,,,,,,,,,,,,,,,,,,,,,,,,,,,,,,,,,,,,,,,,,,,,,,,,,,,,,,,,,,,,,,,,,,,,,,,,,,,,,,,,,,,,,,,,,,,,,,,,,,,,,,,,,,,,,,,,,,,,,,,,,,,,,,,,,,,,,,,,,,,,,,,,,,,,,,,,,,,,,,,,,,,,,,,,,,,,,,,,,,,,,,,,,,,,,,,,,,,,,,,,,,,,,,,,,,,,,,,,,,,,,,,,,,,,,,,,,
20,,,,,,,,,,,,,,,,,,,,,,,,,,,,,,,,,,,,,,,,,,,,,,,,,,,,,,,,,,,,,,0.06208094273408014,,,,,,,,,,,,,,,,,,,,,,,,,,,,,,,,,,,,,,,,,,,,,,,,,,,,,,,,,,,,,,,,,,,,,,,,,,,,,,,,,,,,,,,,,,,,,,,,,,,,,,,,,,,,,,,,,,,,,,,,,,,,,,,,,,,,,,,,,,,,,,,,,,,,,,,,,,,,,,,,,,,,,,,,,,,,,,,,,,,,0.09481683617271318,,,,0.1249198357391113,0.15502283530550942,0.15502283530550942,0.18512583487190754,0.18512583487190754,0.18512583487190754,0.18512583487190754,0.18512583487190754,,,,,,,,,,,,,,,,,,,,,,,,,,,,,,,,,,,,,,,,,,,,,,,,,,,,,,,,,,,,,,,,,,,,,,,,,,,,,,,,,,,,,,,,,,,,,,,,,,,,,,,,,,,,,,,,,,,,,,,,,,,,,,,,,,,,,,,,,,,,,,,,,,,,,,,,,,,,,,,,,,,,,,,,,,,,,,,,,,,,,,,,,,,,,,,,,,,,,,,,,,,,,,,,,,,,,,,,,,,,,,,,,,,,,,,,,,,,,,,,,,,,,,,,,,,,,,,,,,,,,,,,,,,,,,,,,,,,,,,,,,,,,,,,,,,,,,,,,,,,,,,,,,,,,,,,,,,,,,,,
21,,,,0.014288144847487638,0.008415248202021584,0.007761995998731263,,,,,,,,,,,0.0213122543042329,,,0.03287364098397665,,,0.02647790286065312,,,,,,,,0.02647790286065312,,,,,,,,,,,,,0.028239660482511357,,,,,,,,,,,,,,,,,,,,,,,,,,,,0.018556060869495718,,,,,,,,,,,,,,,,,,,,,,,,,,,,,,,,,,,,,,,,,,,,,,,,,,,,,,,,,,0.02031781849135396,,,,,,,,,,,,0.024951798992819255,,,,,,,,,,,,,,,,,,,,,,,,,,,,,,,,,,,,,,,,,,,,,,,,,,,,,,,,,,,,,,,,,,,,,,,,,,,,,,,,,,,,0.036161502473668755,,,,,,,,,,,,,,,,0.024951798992819255,,,,,,,,,,,,0.04871732496629145,0.0657472819679533,0.0974346499325829,0.04079548297513405,0.04871732496629145,0.04871732496629145,0.028239660482511357,0.04871732496629145,0.04871732496629145,0.04871732496629145,0.04871732496629145,0.0657472819679533,0.06064675496752928,0.04871732496629145,0.04871732496629145,0.04871732496629145,0.04079548297513405,0.04871732496629145,0.04871732496629145,0.02647790286065312,,,,,,,,,,,,,,,,,,,,,,,,,,,,,,,,,,,,,,,,,,,,,,,,,,,,,,,,,,,,,,,,,,,,,,,,,,,,,,,,,,,,,,,,,,,,,,,,,,,,,,,,,,,,,,,,,,,,,,,,,,,,,,,,,,,,,,,,,,,,,,,,,,,,,,,,,,,,,,,,,,,,,,,,,,,,,,,,,,,,,,,,,,,,,,,,,,,,,,,,,,,,,,,,,,,,,,,,,,,,,,,,,,,,,,,,,,,,,,,,,,,,,,,,,,,,,,,,,,,,,,,,,,,,,,,,,,,,,,,,,,,,,,,,,,,,,,,,,,,,
22,,,,0.014288144847487638,0.016830496404043167,0.015523991997462527,,,,,,,,,,,,,,,,,,,,,,,,,,,,,,,,,0.056479320965022714,,,,,,,,,,,,,,,,,,,,,,,,,,,,,,,,,,0.0815909659502681,,,,,,,,,,,,,,,,,,,,,,,,,,,0.0657472819679533,,,,,,,,,,,,,,,,,,0.03880605244274939,,,,,,,,,,,,,,0.07232300494733751,,,,,,,,,,,,,,,,,,,,,,,,,,,,,,,,0.07232300494733751,,,,,,,,,,,,,,,,,,,,,,,,,,,,,,,,,,,,,,,,,,,,,,0.0657472819679533,,,,,,,,,,,,,,,,,,,,,,,,,,,,,,,,,,,,,,,,,,,,,,,,,,0.056479320965022714,,,,,,,,,,,,,,0.0974346499325829,0.0974346499325829,0.0657472819679533,0.0815909659502681,0.04990359798563851,0.04063563698270792,0.0974346499325829,0.07232300494733751,,,,,,,,,,,,,,,,,,,,,,,,,,,,,,,,,,,,,,,,,,,,,,,,,,,,,,,,,,,,,,,,,,,,,,,,,,,,,,,,,,,,,,,,,,,,,,,,,,,,,,,,,,,,,,,,,,,,,,,,,,,,,,,,,,,,,,,,,,,,,,,,,,,,,,,,,,,,,,,,,,,,,,,,,,,,,,,,,,,,,,,,,,,,,,,,,,,,,,,,,,,,,,,,,,,,,,,,,,,,,,,,,,,,,,,,,,,,,,,,,,,,,,,,,,,,,,,,,,,,,,,,,,,,,,,,,,,,,,,,,,,,,,,,,,,,
23,,,,0.01292736914772691,0.007613795992305243,0.007022758284566381,,,,,,,,0.013631065423005866,,,,,,,,,,,,,,,,,,,,,,,,,0.025550169007986467,,,,,,,,,,,,,,,,,,,,,,,,,,,,,,,,,,,,,,,,,,,,,,,,,,,,,,,,,,,,,,,,0.03271754985712887,,,,,,,,,,,,0.03691019888226414,,,0.017555118962196154,0.027435436771025154,,,,,,,,,,,,,,,,,,,,,,,0.022575437183979325,,0.05036645093148837,,,,,0.03215081379349495,,,,,,,,,,,,,,,,,,,,,,,,0.05110033801597293,,,,,,,,,,,0.03271754985712887,,,,,,,,,,,,,,,,,,,,,,,,,,0.029742818033121735,0.03691019888226414,,,,0.0213575199828512,,,,,,,,,,,,,,,,,,,,,,,,,,,,,,,,,,,,,,,,0.029742818033121735,,,,,0.025550169007986467,,,,,,,,,,,,,,,,,,,,,0.03271754985712887,0.04407757973140655,0.04407757973140655,0.025550169007986467,0.04407757973140655,0.03691019888226414,0.029742818033121735,0.03691019888226414,0.03691019888226414,0.03691019888226414,0.03691019888226414,0.03691019888226414,0.04407757973140655,0.04407757973140655,0.03691019888226414,0.03691019888226414,0.03691019888226414,0.03691019888226414,,,,,,,,,,,,,,,,,,,,,,,,,,,,,,,,,,,,,,,,,,,,,,,,,,,,,,,,,,,,,,,,,,,,,,,,,,,,,,,,,,,,,,,,,,,,,,,,,,,,,,,,,,,,,,,,,,,,,,,,,,,,,,,,,,,,,,,,,,,,,,,,,,,,,,,,,,,,,,,,,,,,,,,,,,,,,,,,,,,,,,,,,,,,,,,,,,,,,,,,,,,,,,,,,,,,,,,,,,,,,,,,,,,,,,,,,,,,,,,,,,,,,,,,,,,,,,,,,,,,,,,,,,,,,,,,,,,
24,,,,0.00936119834835397,,,0.09476807544823537,,,,,,,,,,,,,,,,,,,,0.03973408084079505,,,,,,,,,,,,,,,,,,,,,,,,,,,,,,,,,,,0.021407221632441426,,,,,,,,,,,,,,,,,,,,,,,,0.03973408084079505,,,,,,,,,,0.053456150105348064,0.053456150105348064,,,,,,,,,,,,,,,,,,,,,,,,,,,,,,0.047384037724117686,,,,,,,,,,,,,,,,,,,,,,,,,,,,,,,,,,,,,,,,,,,0.03093158066481898,,,,,,,,,,,,,0.03469518305878685,,,,,,,,,,,,,,,,,,,,,,,,,,,,,,,,,,,,,,,,,,,,,,,,0.053456150105348064,,,,,,,,,0.043075805427279755,,0.03269546074921144,,,,,,,,,,,,,0.043075805427279755,,,,,0.03700369304604936,,,,,,,,,,,,,,,,,,,0.02662334836798105,,,,,,,,,,,,,,,,,,,,0.06383649478341638,0.06383649478341638,0.047384037724117686,0.047384037724117686,0.06383649478341638,0.053456150105348064,0.06383649478341638,0.06383649478341638,0.06383649478341638,0.053456150105348064,0.06383649478341638,0.06383649478341638,,,,,,,,,,,,,,,,,,,,,,,,,,,,,,,,,,,,,,,,,,,,,,,,,,,,,,,,,,,,,,,,,,,,,,,,,,,,,,,,,,,,,,,,,,,,,,,,,,,,,,,,,,,,,,,,,,,,,,,,,,,,,,,,,,,,,,,,,,,,,,,,,,,,,,,,,,,,,,,,,,,,,,,,,,,,,,,,,,,,,,,,,,,,,,,,,,,,,,,,,,,,,,,,,,,,,,,,,,,,,,,,,,,,,,,,,,,,,,,,,,,,,,,,,,,,,,,,,,,,,,,
25,,,,,,,,,,,,,,,,,,,,,,,,,,,,,,,,,,,,,,,,,,,,,,,,,,,,,,,0.1717671367499266,,,,,,,,,,,,,,,,,,,0.19377854413188675,0.13413838729192895,,,,,,,,,,,0.14403604304788206,,,,,,,,,,,,,,,,,,,,,,,,,,,,,,,,,,,,,,,,,,,,0.09650963783393131,,,,,,,,,,,,,,,,,,,,,,,,,,,,,,,,,,,,,,,,,,,,,,,,,,0.13413838729192895,,,,,,,,,,,,,,,,,,,,,,,,,,,,,,,,,,,,,,,,,,,,,,,,,,,,,,,,,,,,,,,,,,,,,,,,,,,,,,,,,,,,,,,,,,,,,,,,,,,,,,,,,,,,,,,,,,,,,,,,,,,,,,,,,,,0.2314072935898844,0.2314072935898844,,,,,,,,,,,,,,,,,,,,,,,,,,,,,,,,,,,,,,,,,,,,,,,,,,,,,,,,,,,,,,,,,,,,,,,,,,,,,,,,,,,,,,,,,,,,,,,,,,,,,,,,,,,,,,,,,,,,,,,,,,,,,,,,,,,,,,,,,,,,,,,,,,,,,,,,,,,,,,,,,,,,,,,,,,,,,,,,,,,,,,,,,,,,,,,,,,,,,,,,,,,,,,,,,,,,,,,,,,,,,,,,,,,,,,,,,,,,,,,,,,,,,,,,,,,,,,,,,,,,,
26,,,,0.013573737605113257,0.01598897158384101,0.014747792397589402,,,,,,,,0.02862523738831232,,,0.040493283178042516,0.06870685469997065,,,,,,,,,,0.032356918303157525,,,,,,,,,,,,,,,,,,,,,,,,,,,,,,,,,,,,,,,,,,,,,,,0.053655354916771585,,,,,,,,,,,,,,,,,,,,,,,,,,,,,,,,,,,,,,,,,,,,0.05761441721915283,,,,,,,,,,,,,,,,,,,,,,,,,,,,,,,,,0.05761441721915283,,,,,,,,,,,,,,,,,,,,,,,,,,,,0.053655354916771585,,,,,,,,,,,,,,,0.040493283178042516,,,,,,,,,,,,0.05030801543524093,,,,,,,,,,,,,,,,,,,,,,,,,,,,,,,,,,,,,,,,,,,,,,,,,,,,,,,,,,,,,,,,,,,,,,,,,,,,,,,,,,,,,,,,,,,,,,,,,,,,,,,,,,0.09256291743595377,0.06245991786955565,0.09256291743595377,0.09256291743595377,0.09256291743595377,0.07751141765275471,0.09256291743595377,,,,,,,,,,,,,,,,,,,,,,,,,,,,,,,,,,,,,,,,,,,,,,,,,,,,,,,,,,,,,,,,,,,,,,,,,,,,,,,,,,,,,,,,,,,,,,,,,,,,,,,,,,,,,,,,,,,,,,,,,,,,,,,,,,,,,,,,,,,,,,,,,,,,,,,,,,,,,,,,,,,,,,,,,,,,,,,,,,,,,,,,,,,,,,,,,,,,,,,,,,,,,,,,,,,,,,,,,,,,,,,,,,,,,,,,,,,,,,,,,,,,,,,,,,,,,,
27,,,,0.01233976145919387,0.014535428712582737,0.013407083997808548,,,,,,,,,,,,,,,,,,,,,,,,,,,,,,,,,,,,0.052376742926502566,,,,,,,,,,,,,,,,,,,,,,,,,,,,,,,,,,,,,,,,,,,,,,,,,,,,,,,,,,,,,,,,,,,,,,,,,,,,0.033514318018738117,,,,,,,,,,,,,,,,,,,,,,,,,,0.03205137786549261,,,,,0.03068941316651791,,,,,,,,,,,,,,,,,,,,,,,,,,,,,,,,,,,,,,,,,,,,,,,,,,,,,,,,,,,,,,,,,,0.04077344723998866,,,,,,,,,,,,,,,,,,,,,,,,,,0.09146911897316533,,,,,,,,,,,,,,,,,,,0.04877759537888326,,,,,,,,,,,,,,,,0.056781743517777865,,,,,,,,,,0.07046492513886791,0.056781743517777865,0.07046492513886791,,,,,,,,,,,,,,,,,,,,,,,,,,,,,,,,0.062460776999973315,0.07046492513886791,0.07046492513886791,0.07046492513886791,0.045734559486582664,0.08414810675995797,0.062460776999973315,,,,,,,,,,,,,,,,,,,,,,,,,,,,,,,,,,,,,,,,,,,,,,,,,,,,,,,,,,,,,,,,,,,,,,,,,,,,,,,,,,,,,,,,,,,,,,,,,,,,,,,,,,,,,,,,,,,,,,,,,,,,,,,,,,,,,,,,,,,,,,,,,,,,,,,,,,,,,,,,,,,,,,,,,,,,,,,,,,,,,,,,,,,,,,,,,,,,,,,,,,,,,,,,,,,,,,,,,,,,,,,,,,,,,,,,,,,,,,,,,,,,,,,
28,,,,0.015081930672348061,0.017765523982045565,0.016386435997321556,,,,,,,,,,,,,,,,,,,,,,,,,,,,,,,,,,,,,,,,,,,,,,,,,,,,,,,,,,,,,,,,,,0.039173906280046515,,,,,,,,,,,,,,,,,,,,,,,,,,,,,,,,,,,,,,,,,,,,,,,,,,,,,,,,,,,,,,,,,,,,,,,,0.039173906280046515,,,,,0.037509282759077445,,,,,,,,,,,,,,,,,,,0.06401601913239202,,,,,,,,,,,,,,,,,,,,,,,,,,,,,,,,,,,,,,,,,,,,,,,0.04983421329331947,,,,,,,,,,,,,,,,,,,,,,,,,0.06939990874395072,,,,,,,,,,,,,,,,,,,,,,,,,,,,,,,,,,,,,,,,,,,,,,,0.06939990874395072,,0.08612379739194966,0.08612379739194966,,,,,,,,,,,,,,,,,,0.08612379739194966,,,,,,,,,,,,,,,,,,,0.07634094966663404,0.08612379739194966,0.10284768603994862,0.08612379739194966,0.10284768603994862,,,,,,,,,,,,,,,,,,,,,,,,,,,,,,,,,,,,,,,,,,,,,,,,,,,,,,,,,,,,,,,,,,,,,,,,,,,,,,,,,,,,,,,,,,,,,,,,,,,,,,,,,,,,,,,,,,,,,,,,,,,,,,,,,,,,,,,,,,,,,,,,,,,,,,,,,,,,,,,,,,,,,,,,,,,,,,,,,,,,,,,,,,,,,,,,,,,,,,,,,,,,,,,,,,,,,,,,,,,,,,,,,,,,,,,,,,,,,,,,,,
29,,,,0.005323034354946375,0.012540369869679224,0.011566895998109334,,,,,,,,0.011225583289534243,,,,,,,,,,,,,,,,,,,,,,0.02694386458822378,,,,,,,,,,,,,,,,,,,,,,,,0.02449408543904143,,0.024345467738854955,,,,,,,,,,0.013826084569428182,,,,,,,,,,,,,,,,,,,,,,,,,,,,,,,0.02694386458822378,,,,,,,,,,0.022593889105550127,,,,,0.014457156792396833,0.022593889105550127,,,,,,,,0.02694386458822378,,,,,,,,,,,,,,,,,,,,,,,,,,,0.030396634373629293,,,,,,,,,,,0.021041315653635914,,,,,,,,,,,,,,,,,,,,,,,,,,,,,,0.015879718893350003,,,,,,,,,,,,,,,,,,,,,,,,,,,,,,0.030396634373629293,,,,,0.022593889105550127,,0.030396634373629293,,,,,0.030396634373629293,,,,0.0394572670080321,0.01859153650445356,,,,,0.030396634373629293,0.030396634373629293,,,,,,,,,,,,,,,,,,,,,,,,,,,,,,,0.015138766719048048,,,,,,,,,,,,,,,,,,,,,,0.02694386458822378,0.02694386458822378,,,,,,,,,,,,,,,,,,,,,,,,0.02694386458822378,,,,,,0.03629918330821716,0.03629918330821716,0.07259836661643432,0.10889754992465148,0.03629918330821716,0.030396634373629293,0.03629918330821716,0.03629918330821716,0.03629918330821716,0.03629918330821716,0.01972863350401605,0.03629918330821716,0.02694386458822378,0.030396634373629293,0.030396634373629293,0.03629918330821716,,,,,,,,,,,,,,,,,,,,,,,,,,,,,,,,,,,,,,,,,,,,,,,,,,,,,,,,,,,,,,,,,,,,,,,,,,,,,,,,,,,,,,,,,,,,,,,,,,,,,,,,,,,,,,,,,,,,,,,,,,,,,,,,,,,,,,,,,,,,,,,,,,,,,,,,,,,,,,,,,,,,,,,,,,,,,,,,,,,,,,,,,,,,,,,,,,,,,,,,,,,,,,,,,,,,,,,,,,,,,,,,,,
30,,,,,,,,,,,,,,,,,,,,,,,,,,,,,,,,,,,,,,,,,,,,,,,,,,,,,,,,,,,,,,,,,,,,,,,,,,,,,,,,,,,,,,,,,,,,,,,,,,,,,,,,,,,,,,,,,,,,,,,,,,,,,,,,,,,,,,,,,,,,,,,,,,,,,,,,,,,,,,,,,,,,,,,,,,,,,,,,,,,,,,,,,,,,,,,,,,,,,,,,,,,,,,,,,,,,,,,,,,,,,,,,,,,,,,,,,,,,,,,,,,,,,,,,,,,,,,,,,,,,,,,,,,,,,,,,,,,,,,,,,,,,,,,,,,,,,,,,,,,,,,,,,,,,,,,,,,,,,,,,,,,,,,,,,,,,,,,,,,,,,,,,,,,,1.8512583487190752,,,,,,,,,,,,,,,,,,,,,,,,,,,,,,,,,,,,,,,,,,,,,,,,,,,,,,,,,,,,,,,,,,,,,,,,,,,,,,,,,,,,,,,,,,,,,,,,,,,,,,,,,,,,,,,,,,,,,,,,,,,,,,,,,,,,,,,,,,,,,,,,,,,,,,,,,,,,,,,,,,,,,,,,,,,,,,,,,,,,,,,,,,,,,,,,,,,,,,,,,,,,,,,,,,,,,,,,,,,,,,,,,
31,,,,,,,,,,,,,,,,,,,,,,,,,,,,,,,,,,,,,,,,,,,,,,,,,,,,,,,,,,,,,,,,,,,,,,,,,,,,,,,,,,,,,,,,,,,,,,,,,,,,,,,,,,,,,,,,,,,,,,,,,,,,,,,,,,,,,,,,,,,,,,,,,,,,,,,,,,,,,,,,,,,,,,,,,,,,,,,,,,,,,,,,,,,,,,,,,,,,,,,,,,,,,,,,,,,,,,,,,,,,,,,,,,,,,,,,,,,,,,,,,,,,,,,,,,,,,,,,,,,,,,,,,,,,,,,,,,,,,,,,,,,,,,,,,,,,,,,,,,,,,,,,,,,,,,,,,,,,,,,,,,,,,,,,,,,,,,,,,,,,,,,,,,,,,0.9256291743595376,0.9256291743595376,,,,,,,,,,,,,,,,,,,,,,,,,,,,,,,,,,,,,,,,,,,,,,,,,,,,,,,,,,,,,,,,,,,,,,,,,,,,,,,,,,,,,,,,,,,,,,,,,,,,,,,,,,,,,,,,,,,,,,,,,,,,,,,,,,,,,,,,,,,,,,,,,,,,,,,,,,,,,,,,,,,,,,,,,,,,,,,,,,,,,,,,,,,,,,,,,,,,,,,,,,,,,,,,,,,,,,,,,,,,,,,
32,0.057871989630951644,0.07434118350858429,,0.008757250067815003,0.010315465537961942,0.009514704772638324,,,,,,,,,0.024905712989401627,,0.026124698824543553,,0.04029672120616493,,,,0.032456784151768336,0.08059344241232987,0.08865400606447825,0.08865400606447825,,0.020875431163327435,,,,,,,,,,,,,,,,,,,,,,,,,,,,,,,,,0.028935994815475822,,,,,,,,,,,0.02274613913034959,,,,,,,,,,,,,,,,,,,,,,,,,,,,,,,,,,,,,,,,,0.037170591754292145,,,,,,,,,,,,,,,,,,,,,,0.044327003032239125,,,,,,,,,,,,,,,,,,,,,,,,,,,,,,,,,,,,,,,,,,,,,,,,,,,,,,,,,,,,,,,,,,,,,,,,0.032456784151768336,,,,,,,,,,,,,,,,,,,,,,,,,,,,,,,,,,,,,,,,,,,,,,,,,,,,,,,,,,0.04029672120616493,0.037170591754292145,,,,,,,,,,,,,0.024905712989401627,,,,,,,,,,,,,,,,,,,,,,,,,,,,,,,,,,,,,,,,,,,,,,,,,,,,,,,,,,,,,,,,,,,,,,,,0.059718011249002424,0.059718011249002424,0.059718011249002424,0.05000736622758368,0.032456784151768336,,,,,,,,,,,,,,,,,,,,,,,,,,,,,,,,,,,,,,,,,,,,,,,,,,,,,,,,,,,,,,,,,,,,,,,,,,,,,,,,,,,,,,,,,,,,,,,,,,,,,,,,,,,,,,,,,,,,,,,,,,,,,,,,,,,,,,,,,,,,,,,,,,,,,,,,,,,,,,,,,,,,,,,,,,,,,,,,,,,,,,,,,,,,,,,,,,,,,,,,,,,,,,,,,,,,,,,,,,
33,,,,0.008483586003195785,,,,,,,,,,0.0178907733676952,,,,,,,,,,,,,,,,,,,,,,,,,,,,,,,,,,,,,,,,,,,,,,,,,,,,,,,,,,,,,,,,,,,,,,,,,,,,,,,,,,,,,,,,,,,,,,,,,,,,,,,,,,,,,,,,,,,,,,,,,0.04294178418748165,,,,,,,,,0.04407064456505233,,,,,0.021098971551981063,,,,,,,,,,,,,,,,,,,,,,,,0.03353459682298224,,,,,,,,,,,,,,,,,,,,,,,,,,,,,,,,,,,,,,,,,,0.028031744977492203,,,,,,,,,,,,,,,,,,,,,,,,,,0.03144250964702558,,,,,,,,,,,,,,0.03903744866847228,,,,,,,,,,0.03903744866847228,,,,,,,,,,,,,0.029630261303972866,0.024127409458482827,,,,,,,,,,,,,0.04844463603297169,,,0.04844463603297169,0.04844463603297169,0.04844463603297169,0.04844463603297169,,,,,,,,,,,,,,,,,,,,,,,0.04844463603297169,0.04844463603297169,,,,0.04294178418748165,0.04294178418748165,,,,,,,,,,,,,,,,,,,,,,,,,,,0.04844463603297169,0.06288501929405116,0.04844463603297169,0.04844463603297169,0.0578518233974711,0.04844463603297169,0.04844463603297169,0.0578518233974711,0.04844463603297169,,,,,,,,,,,,,,,,,,,,,,,,,,,,,,,,,,,,,,,,,,,,,,,,,,,,,,,,,,,,,,,,,,,,,,,,,,,,,,,,,,,,,,,,,,,,,,,,,,,,,,,,,,,,,,,,,,,,,,,,,,,,,,,,,,,,,,,,,,,,,,,,,,,,,,,,,,,,,,,,,,,,,,,,,,,,,,,,,,,,,,,,,,,,,,,,,,,,,,,,,,,,,,,,,,,
34,,,,0.02467952291838774,0.029070857425165474,0.026814167995617096,,,,,,,,,0.0701888275155864,,,,,,,,,,,,,0.058830760551195495,,,,,,,,,,,,,,,,,,,,,,,,,,,,,,,,,,,,,,,,,,0.08619712379337562,,,,,,,,,,,,,,,,,,,,,,,,,,,,,,,,,,,,,,,,,,,,,,,,,,,,,,,,,,,,,,,,,,,,,,,,,,,,,,,,,,,,,,,,,,,,,,,,,,,,,,,0.09755519075776652,,,,,,,,,,,,,,,,,,,,,,,,,,0.11356348703555573,,,,,,,,,,,,,,,,,,,,,,,,,,,,,,,,,,,,,,,,,,,,,,,,,,,,,,,,,,,,,,,,,,,,,,,,,,,,,,,,,,,,,,,,,,,,,,,,,,,,,,,,,,,,,,,,,,,,,,,,,,,,,,,,,,,,,,,,,,,,,,,,,,,,,,,,,,,,,0.14092985027773583,,,,,,,0.16829621351991594,0.16829621351991594,,,,,,,,,,,,,,,,,,,,,,,,,,,,,,,,,,,,,,,,,,,,,,,,,,,,,,,,,,,,,,,,,,,,,,,,,,,,,,,,,,,,,,,,,,,,,,,,,,,,,,,,,,,,,,,,,,,,,,,,,,,,,,,,,,,,,,,,,,,,,,,,,,,,,,,,,,,,,,,,,,,,,,,,,,,,,,,,,,,,,,,,,,,,,,,,,,,,,,,,,,,,,,,,,
35,,,,0.02171798016818121,,,,,,,,,,0.022900189910649855,,,,,,,,,,,,,,0.02588553464252602,,,,,,,,,,,,,,,,,,,,,,,,,,,,,,,,,,,,,,,,,,,,0.028205212521633494,,,,,,,,,,,,,,,,,,,,,,,,,,,,,,,,,,,,,,,,,,,,,,,,,,,,,,,,,,,,,,,,,,,,,,,,0.05641042504326699,,,,,0.05401336717307152,,,,,,,,,,,,,,,,,,,,,,,,,,,,,,,,,,0.04024641234819274,,,,,,,,,,,,,,,,,0.04292428393341727,,,,,,,,,,0.04996793429564452,,,,,0.07176126714238004,,,,,,,,,,,,,,,,,,,,,,,,,,,,,,,,,,,,,,,,,,,,,0.04292428393341727,,,,,,,,,,,,,,,,0.04996793429564452,,0.03792673446908527,,,0.054965483759976515,,,,,,,,,,,,,,,,,,,,,,,,,,,,,,,,,,,,,,,0.054965483759976515,,,,,,,0.054965483759976515,,,,,,,,,,0.06200913412220376,,,,,,,,,,,,,,,,,,,,,,,0.06200913412220376,,,,,0.04996793429564452,0.07405033394876301,0.07405033394876301,,,,,,,,,,,,,,,,,,,,,,,,,,,,,,,,,,,,,,,,,,,,,,,,,,,,,,,,,,,,,,,,,,,,,,,,,,,,,,,,,,,,,,,,,,,,,,,,,,,,,,,,,,,,,,,,,,,,,,,,,,,,,,,,,,,,,,,,,,,,,,,,,,,,,,,,,,,,,,,,,,,,,,,,,,,,,,,,,,,,,,,,,,,,,,,,,,,,,,,,,,,,,,
36,,,0.05295580572130624,0.014288144847487638,,,,,,,,,,,0.08127127396541584,,,,,,,,,,,,,,,,,,,,,,,,,,,,,,,,,,,,,,,,,,,,,,,,,,,,,,,0.04990359798563851,,,,,,,,,,,,,,,,,,,,,,,,,,,,,,,,,,,,,,,,,,,,,,,,,,,,,,,,,,,,,,,,,,,,,,,,,,,,,,,,,,,,,0.04990359798563851,,,,,,,,,,,,,,,,,,,,,,,,,,,,,,,,,,,,,,,,,,,,,,,,,,,,,,,,,,,,,0.07232300494733751,0.06064675496752928,,,,,,,,,0.07232300494733751,,,0.07232300494733751,,,,,,,,,,,,0.05295580572130624,,,,,,,,,,,,,,,,,,,,,,,,0.0657472819679533,0.06064675496752928,,,,0.0815909659502681,,,0.05295580572130624,,,,,,,,,,,,,,,,,,,,,,,,,,,,,,,,,,,,,,,,,,,,,,,,,,,0.05295580572130624,,,,,,,,,,,,,,,,,,,,,,,,,,,,,,,,,,,,,,,,,,,,0.0815909659502681,0.0974346499325829,0.0974346499325829,,,,,,,,,,,,,,,,,,,,,,,,,,,,,,,,,,,,,,,,,,,,,,,,,,,,,,,,,,,,,,,,,,,,,,,,,,,,,,,,,,,,,,,,,,,,,,,,,,,,,,,,,,,,,,,,,,,,,,,,,,,,,,,,,,,,,,,,,,,,,,,,,,,,,,,,,,,,,,,,,,,,,,,,,,,,,,,,,,,,,,,,,,,,,,,,,,,,,,,,,,,
37,,0.05761441721915283,,0.013573737605113257,0.01598897158384101,0.014747792397589402,,,,,,,,,0.03860385513357253,,0.040493283178042516,0.06870685469997065,,,,,,,,,,,,,,,,,,,,,,0.06245991786955565,,,,,,,,,,,,,,,,,,,,,,,,,,,,,,,,0.03525651565204187,,,,,,,0.03104047136704007,,,,,,,,,,,,,,,,,,,,,,,,,,,,,,,,,,,0.06245991786955565,,,,,,,,,,,,,,,,,,,,,,,,,,,,,,,,,,,,,,,,,,,,,,,,,,,,,,,,0.04485079196398753,,0.07751141765275471,,,,,,,,,,,,,,,,,,,,,,,,,,,,,,,,,,,,,,,,,,,,,,,,,,,,,,,,,,,,,,,,,,,,,,,,,,,,,,,,,,,,,,,,,,,,,,,,,,,,,0.05030801543524093,,,,,,,,,,,,,,,,,,,,,,,,,,,,,,,,,,,,,,,,,,,,,,,,,,,,,,,,,,,,,,,,,,,,,0.10061603087048186,,,,,,,,,,,,,,,,,,,,,,,,,,,,,0.09256291743595377,0.07751141765275471,0.09256291743595377,0.09256291743595377,,,,,,,,,,,,,,,,,,,,,,,,,,,,,,,,,,,,,,,,,,,,,,,,,,,,,,,,,,,,,,,,,,,,,,,,,,,,,,,,,,,,,,,,,,,,,,,,,,,,,,,,,,,,,,,,,,,,,,,,,,,,,,,,,,,,,,,,,,,,,,,,,,,,,,,,,,,,,,,,,,,,,,,,,,,,,,,,,,,,,,,,,,,,,,,,,,,,,,,
38,,,,,0.011843682654697044,0.010924290664881037,,0.04626660582930048,,,,,,,,,0.029995024576327783,,,,,,,,,,0.04267734608826135,,,,,,,,,,,,,,,,,,,,,,,,,,,,,,,,,,,,,,,,,,,,,,,,,,,,0.04598588350672602,,,,,,,,,,,,,,,,,,,,,,,,,,,,,,,,,,0.04267734608826135,,,,,,,,,,,,,,,,,,,,,,,,,,,,,,,,,,,,,,,,,,,,,,,,,,,,,,,,,0.03322280886221298,,,,,,,,,,,,,,,,,,,,,,,,,,,,,,,,,0.057415864927966444,,,,0.03726519661869698,,,,,,,,,,,,,,,,,,,,,,,,,,,,,,,,,,,,,,,,,,,,,,,,,,,,,,,,,,,,,,,,,,0.03726519661869698,,,,,,,,,,,,,,,,,,,,,,,,,,,,,,,,,,,,,,,,,,,,,,,,,,,,,,,,,,,,,,,,,,,,,0.07453039323739397,,,,,,,,,,,,,,,,,,,,,,,0.04626660582930048,,,,,,,,,,0.06856512402663241,0.06856512402663241,0.057415864927966444,0.06856512402663241,0.06856512402663241,0.06856512402663241,0.06856512402663241,0.057415864927966444,0.057415864927966444,0.06856512402663241,0.06856512402663241,0.057415864927966444,,,,,,,,,,,,,,,,,,,,,,,,,,,,,,,,,,,,,,,,,,,,,,,,,,,,,,,,,,,,,,,,,,,,,,,,,,,,,,,,,,,,,,,,,,,,,,,,,,,,,,,,,,,,,,,,,,,,,,,,,,,,,,,,,,,,,,,,,,,,,,,,,,,,,,,,,,,,,,,,,,,,,,,,,,,,,,,,,,,,,,,,,,,
39,,,,,,,,,,,,,,0.02862523738831232,,,0.040493283178042516,,,,,,0.05030801543524093,,,,,,,,,,,,,,,,,,,,,,,,,,,,,,,,,,,,,,,,,,,,,,,,,,,,,,,,,,,,,,,,,,,,,,,,,,,,,,,,,,,,,,,,,,,,,,,,,,,,,,,,,,,,,,,,,,,,0.07751141765275471,,,,,,,,,,,,,,,,,,,,,,,,,,,,,,,,,,,,,,,,,,,,,,,,,,,,,,,,,,,,,,0.06870685469997065,,,,,,,,,,,,,,0.04485079196398753,0.06870685469997065,0.05761441721915283,,,,,,,,,,,,,,,,,,,,,,,,0.05030801543524093,,,,,,,,,,,,,,,,,,,,,,,,,,,,,,,,0.10061603087048186,,,,,,,,,,,,,,,,,,,,,,,,,,,,,,,,,,,,,,,,,,,,,,,,,,,0.05030801543524093,,,,,,,,,,,,,,,,,,0.10061603087048186,,,,,,,,,,,,,,,,,0.07751141765275471,,,,,,,,,,,,,,,,,,,,,,,,,,,0.07751141765275471,0.09256291743595377,0.09256291743595377,0.053655354916771585,0.07751141765275471,,,,,,,,,,,,,,,,,,,,,,,,,,,,,,,,,,,,,,,,,,,,,,,,,,,,,,,,,,,,,,,,,,,,,,,,,,,,,,,,,,,,,,,,,,,,,,,,,,,,,,,,,,,,,,,,,,,,,,,,,,,,,,,,,,,,,,,,,,,,,,,,,,,,,,,,,,,,,,,,,,,,,,,,,,,,,,,,,,,,,,,
40,,,,,,,,,,,,,0.11924833485039185,,,,,,,,,,,,,,,,,,,,,,,,,,,,,,,,,,,,,,,,,,,,,,,,,,,,,,,,,,,,,,,,,,,,,,,,,,,,,,,,,,,,,,,,,,,,,,,,,,,,,,,,,,,,,,,,,,,,,,,,,,,,,,,,,,,,,,,,,,,,,,0.07293602782516398,,,,,,,,,,,,,,,,,,,,,,,,,,,,,,,,,,,,,,,,,,,,,,,,,,,,,,,,,,,,,,,,0.11924833485039185,,,,,,,,,,,,,,,,,,,,,,,0.07293602782516398,,,,,,,,,,,,,,,,,,,,,,,,,,,,,,,0.07739694682344758,,,,,,,,,,,,,,,,,,,,,,,,,,,,,,,,,,,,,,,,,,,,,,,,,,,,,,,,,,,,,,,,,,,,,0.07739694682344758,,,,,,,,,,,,,,,,,,,,,,,,,,0.11924833485039185,,,,,,,,,,,,,,,,,,,,,,0.11924833485039185,0.1424044883630058,0.1424044883630058,0.1424044883630058,0.11924833485039185,0.1424044883630058,,,,,,,,,,,,,,,,,,,,,,,,,,,,,,,,,,,,,,,,,,,,,,,,,,,,,,,,,,,,,,,,,,,,,,,,,,,,,,,,,,,,,,,,,,,,,,,,,,,,,,,,,,,,,,,,,,,,,,,,,,,,,,,,,,,,,,,,,,,,,,,,,,,,,,,,,,,,,,,,,,,,,,,,,,,,,,,,,,
41,,,0.03869847341172379,,0.012299208910646932,0.011344455690453387,,,,,,,,,0.029695273179671175,,0.03114867936772501,,,,,,,,,,,0.024889937156275018,,,,,,,,,,0.048046090668888965,0.04127334993597814,,,,,,,,,,,,,,,,,,,,,,0.03450060920306733,,,,,,,,,,0.048046090668888965,0.05424079331083364,,,,,,,,,,,,,,,,,,,,,,,,,,,,,,,,,,,,,,,,,,,,,,,,,,,,,,,,,,0.029695273179671175,,,,,,,,,,,,,,,,,,,,,,,,,,,,,,,,,,,,,,,,0.03450060920306733,,,,,,0.059624167425195926,,,,,,,,,,,,,,,,,,,,,,,,,,,,,,,,,,,,,,,,,,,,,,,,,,,,,,,,,,,,,,,,,,,,,,0.048046090668888965,,,,,,,,,,,,,,,,,,,,,,,,,,,0.03869847341172379,,,,,,,,,,,,,,,,,,,,,,,,,,,,,,,,,,,,,,,,,,,,,,,,,,,,,,,,,,,,,,,,,,,,,0.07739694682344758,,,,,,,,,,,,,,,,,,,,,,,,,,,,,,0.059624167425195926,,,,,,,,,,,,,,,,,,,,,,,,0.0712022441815029,0.0712022441815029,0.0712022441815029,0.0712022441815029,0.0712022441815029,0.0712022441815029,,,,,,,,,,,,,,,,,,,,,,,,,,,,,,,,,,,,,,,,,,,,,,,,,,,,,,,,,,,,,,,,,,,,,,,,,,,,,,,,,,,,,,,,,,,,,,,,,,,,,,,,,,,,,,,,,,,,,,,,,,,,,,,,,,,,,,,,,,,,,,,,,,,,,,,,,,,,,,,,,,,,,,,,,,,,
42,,,,,0.018810554804518837,0.017350343997164,,,,,,,,,,,0.04763915668005001,,,,,,,,,,,0.038066962709597085,,,,,,,,,,,0.06312394696090774,,,0.06778166731665038,,,,,,,,,,,,,,,,,,,0.052765637604691204,,,,,,,,,,,,,,,,,,,,,,,,,,,,,,,,,,,,,,,,,,,,,,,,,,,,,,,,,,,,,,,,,,,,,,,,,,,,,,,,,,,,,,,,,,,,,,,,,,,,,,,,,,,,,0.052765637604691204,,,,,,,,,,,,,,,,,,,,,,,,,,,,,,0.06312394696090774,,,,,,,0.05918590051204815,,,,,,,,0.052765637604691204,,,,,,,,,,,,,,,,,,,,,,,,,,,,,,,,,,,,,,,,,,,,,,,,,,,,,,,,,,,,,,,,,,,,,,,,,,,,,,,,,,,,,,,,,,,,,,,,,,,,,,,,,,,,,,,,,,,,,,,,,,,,,,,0.1183718010240963,,,,,,,,,,,,,,,,,,,,,,,,,,,,,,,,,,,,,,,,0.09118990312088789,0.09118990312088789,,,,,,,,,,,,,,,,,,,0.10889754992465148,0.10889754992465148,,,,,,,,,,,,,,,,,,,,,,,,,,,,,,,,,,,,,,,,,,,,,,,,,,,,,,,,,,,,,,,,,,,,,,,,,,,,,,,,,,,,,,,,,,,,,,,,,,,,,,,,,,,,,,,,,,,,,,,,,,,,,,,,,,,,,,,,,,,,,,,,,,,,,,,,,,,,,,,,,,,,,,,,,,
43,0.02718229815999244,,,0.00822650763946258,0.009690285808388491,0.008938055998539031,,,,,,,,0.017348628720189285,,,,,,,,,0.03048970632438844,0.03785449567851858,,,,,,,,,,,,,,,,,,,,,,,,,,,,,,,,,,,,,,0.03762481377823038,,,,,,,,,,0.021367585243661738,,,,,,,0.01881240688911519,,,,,,,,,,,,,,,,,,,0.03491782861766838,,,,,,,,,,,,,,,,,,,,,,,,,,,,,,0.04164051799998221,,,,,,,,,,,,,,,,,,,,,,,,,,,,,,,,,,,,,,,,,,,,,,,,,,,,,,,,,,,,,,,,,,,,,,,,,,,,,,,,,,,,,,0.04164051799998221,,,,,,,,,,,,,,,,0.03491782861766838,,,,,,,,,,,,,,,,,,,,,,,,,,,,,,,,,,,,,,,,,,,,,,,,,,,,,,,,,,,,,0.04697661675924528,,,,,,,,,,,,,,,,,,,,,,,,,,,,,,,,,0.03048970632438844,,,,,,0.04697661675924528,,,,,,,,,,,,,,,,,,,,,,,,,,,0.04697661675924528,,,,,,,,,,,,,,,,,,,,,,,,,,,,,,,,0.0325183969192555,,,,,,,,,,,,,,,0.05609873783997198,0.05609873783997198,0.05609873783997198,0.04697661675924528,0.05609873783997198,0.05609873783997198,0.05609873783997198,0.05609873783997198,0.05609873783997198,0.04697661675924528,0.05609873783997198,0.04697661675924528,0.03785449567851858,,,,,,,,,,,,,,,,,,,,,,,,,,,,,,,,,,,,,,,,,,,,,,,,,,,,,,,,,,,,,,,,,,,,,,,,,,,,,,,,,,,,,,,,,,,,,,,,,,,,,,,,,,,,,,,,,,,,,,,,,,,,,,,,,,,,,,,,,,,,,,,,,,,,,,,,,,,,,
44,0.03322280886221298,,,0.020109240896464084,0.02368736530939409,0.021848581329762074,,,,,,,,,0.05719089649418151,,,,,,,,,,0.0508939664444227,0.0508939664444227,,,,,0.03726519661869698,,,,,0.0508939664444227,,,,,,,,,,,,,,,,,,,,,,,,,,,,,,,,,,,,0.02611593752003101,,,,,,,,,,,,,,,,,,,,,,,,,,0.04267734608826135,0.0508939664444227,,,,,,,,,,,,,,,,,,,,,,,,,,,,,,,0.028595448247090757,,,,,,,,,,,,,,,,,,,,,,,,,,,,,,,,,,,,,,,,,,,,,,,,,,,,,,,,,,,,,,,,,,,0.057415864927966444,,,,,,,,,,,,,,,,,0.0508939664444227,,,,,,,,,,,,,,,,,,,,,,,,,,,,,,,,,,,,,,,,,,,,,,,,,,,,,,,,,,,,,,,,,,,,,,,,,,,,,,,,,,,,,,,,,,,,,,,,,,,,,,,,,,,,,,,,,,,,,,,,,,,,,,,,,,,,0.057415864927966444,,,,,,,,,,,,,,,,,,,0.04626660582930048,,,,,,,,,,,,,,,,,,,,,,,,,,,,,,,,,,,,,,,,,,0.057415864927966444,,,,,,,,,,0.06856512402663241,0.06856512402663241,0.06856512402663241,0.06856512402663241,0.06856512402663241,,,,,,,,,,,,,,,,,,,,,,,,,,,,,,,,,,,,,,,,,,,,,,,,,,,,,,,,,,,,,,,,,,,,,,,,,,,,,,,,,,,,,,,,,,,,,,,,,,,,,,,,,,,,,,,,,,,,,,,,,,,,,,,,,,,,,,,,,,,,,,,,,,,,,,,,
45,,,,0.014288144847487638,0.00561016546801439,0.0051746639991541755,,,,,,,,,,,,,,,,,,,,,,0.011353304667774568,,,,,0.02021558498917643,,,,,,,,,,,,,,,,,,,,,,,,,,,,,0.032674180386357964,,,,,,,,,,,,,,,,,0.010891393462119321,,,,,,,,,,,,,,,,,,,,0.09643067326311669,,,,,,,,,,,,,,,0.021915760655984436,,,,,,,0.016634532661879503,,,,,,,,,0.027090424655138612,,,,,,,,,,,,,,,,,,,,,,,,,0.016634532661879503,0.021915760655984436,,,,,,,,0.024107668315779172,,,,,,,,,,,,,,,,,,,,,,,,,,,,,,,,,,,0.021915760655984436,0.01882644032167424,0.09643067326311669,,,,,,,,,,,,,,,,,,,,,,,,,,,,,,,,,,,,,,,,,,,,,,,,,,,,,,,,,,,,,,,,,,,,,,,,,,,,,,,,,,,0.01882644032167424,,,,,,,,,,,,,,,,,,,,,,,,,,,,,,,,,,0.027196988650089366,,,,,,,,,,,,,,,,,,,,,,,,,,,,,,,,,,,,,0.05295580572130624,,,,,,,,,,,,,,,,,,,,,,,,,,,,,,,,,,,,,,,,,,,,,,,,,,,,,,,,,,0.05439397730017873,,,,,,,,,0.0324782166441943,0.03765288064334848,0.05439397730017873,0.0324782166441943,0.0324782166441943,0.0324782166441943,0.0324782166441943,0.024107668315779172,0.024107668315779172,0.027196988650089366,0.0324782166441943,0.0324782166441943,0.0324782166441943,0.021915760655984436,0.0324782166441943,0.027196988650089366,0.027196988650089366,0.0324782166441943,0.0324782166441943,0.0324782166441943,,,,,,,,,,,,,,,,,,,,,,,,,,,,,,,,,,,,,,,,,,,,,,,,,,,,,,,,,,,,,,,,,,,,,,,,,,,,,,,,,,,,,,,,,,,,,,,,,,,,,,,,,,,,,,,,,,,,,,,,,,,,,,,,,,,,
46,,,,,,,,,,,,,,,,,,,,,,,,,,,,,,,,,,,,,,,,,,,,,,,,,,,,,,,,,,,,,,,,,,,,,,,,,,,,,,,,,,,,,,,,,,,,,,,,,,,,,,,,,,,,,,,,,,,,,,0.07373149964122386,,,,,,,,,,,,,,,,,,,,,,,,,,,,,,,,,,,,,,,,,,,,,,,,,,,,,,,,,,,,,,,,,,,,,,,,0.10061603087048186,,,,,,,,,,,,,,,,,,,,,,,,,,,,,,,,,,,,,,,,,,,,,,,,,,,,,,,,,,,,,,,,,,,,,,,,,,,,,,,,,,,,,,,,0.09481683617271318,,,,,,,,,,,,,,,,,,,,,,,,,,,,,,,,,,,,,,,,,,,,,,,,,,,,,,,,,,,,,,,,,,,,,,,,,,,,,,,,,,,,,,,,,,,,,,,,,,,,,,,,,,,,,,,,,,,,,,,,,,,,,,,,,,,,,,,,,,,,,,,,,,,,,,,,,,,,,,,,,,,,0.11522883443830566,0.15502283530550942,0.18512583487190754,0.11522883443830566,0.09481683617271318,0.15502283530550942,0.08970158392797506,,,,,,,,,,,,,,,,,,,,,,,,,,,,,,,,,,,,,,,,,,,,,,,,,,,,,,,,,,,,,,,,,,,,,,,,,,,,,,,,,,,,,,,,,,,,,,,,,,,,,,,,,,,,,,,,,,,,,,,,,,,,,
47,,,,,,0.008193217998660778,,,0.02633801004797588,,,,,0.01590290966017351,,,,,,,,,,,,,,,,,,,,,,,,,,0.03469995437197536,,,,,,,,,,,,,,,,,,,,,0.024917106646659734,,,,,,,,,,,0.019586953140023258,,,,,,,,,,,,,,,,,,,,,,,,,,,,,,,,,,,,,,,,,,0.06939990874395072,,,,0.02048097212256218,,,0.02633801004797588,,,,,,,,,0.021446586185318067,,,,,,,,,,,,,,,,,,,,,,,,,0.02633801004797588,0.03469995437197536,,,,,,,,,,,,,,,,,,,,,,,,,,,,,,,,,,,,,,,0.02249626843224584,,,,,,,,,,,,,,,,,,,,,,,,,,,,,,,,,,,,,,,,,,,,,,,,,,,,,,,,,,,,,,,,,,,,,,,,,,,,,,,,,,,0.02633801004797588,0.021446586185318067,,,,,,,,,,,,,,,,,,,,,,,,,,,,,,,,,,,0.03469995437197536,,,,,,,,,,,,,,,,,,,,,,,,,,,,,,,,,,,,,,,,,,,,,,,,,,,,,,,,,,,,,,,,,,,,,,,,,,,,,,,,,,,,,,,,,,,,,,,,,,,,,,,,,,,,,,,,,,,0.03817047483331702,0.07634094966663404,,,,,0.03469995437197536,,,,,,,,,,0.03200800956619601,0.02633801004797588,0.04306189869597483,0.024917106646659734,0.03469995437197536,0.03817047483331702,0.05142384301997431,0.04306189869597483,0.05142384301997431,0.05142384301997431,0.04306189869597483,0.04306189869597483,0.05142384301997431,0.05142384301997431,0.05142384301997431,,,,,,,,,,,,,,,,,,,,,,,,,,,,,,,,,,,,,,,,,,,,,,,,,,,,,,,,,,,,,,,,,,,,,,,,,,,,,,,,,,,,,,,,,,,,,,,,,,,,,,,,,,,,,,,,,,
48,,,,,0.04568277595383145,0.04213654970739829,,,,,,,,,,,,,,,,,,,,,,,,,,,0.16461262062615092,,,,,,,,,,,,,,,,,,,,,,,,,,,,,,,,,,,,,,,,,,,,,,,,,,,,,,,,,,,,,,,,,,,,,,,,,,,,,,,,,,,,,,,,,,,,,,,,,,,,,,,,,,,,,,,,,,,,,,,,,,,,,,,,,,,,,,,,,,,,,,,,,,,,,,,,,,,,,,,,,,,,,,,,,,,,,,,,,,,,,,,,,,,,,,,,,,,,,,,,,,,,,,,,,,,,,0.17845690819873042,,,,,,,,,,,,,,,,,,,,0.16461262062615092,,,,,,,,,,,,,,,,,,,,,,,,,,,,,,,,,,,,,,,,,,,,,,,,,,,,,,,,,,,,,,,,,,,,,,,,,,,,,,,,,,,,,,,,,,,,,,,,,,,,,,,,,,,,,,,,,,,,,,,,,,,,,,,,,,,,,,,,,,,,,,,,,,,,,,,,,,,,,,,,,,,,,,,,,,,,,,,,,,,,,,,,,,,,,,,,,,0.2644654783884393,0.22146119329358485,,,,,,,,,,,,,,,,,,,,,,,,,,,,,,,,,,,,,,,,,,,,,,,,,,,,,,,,,,,,,,,,,,,,,,,,,,,,,,,,,,,,,,,,,,,,,,,,,,,,,,,,,,,,,,,,
49,,,,0.03257697025227181,,,,,,,,,,,,,,,,,,,,,,,,,,,,,,,,,,,,,,,,0.04292428393341727,,,,,,,,,,,,,,,,,,0.024832377093632056,,,,,,,,,,0.028205212521633494,,,,,,,0.024832377093632056,,,,,,,,,,,,,,,,,,,,,,,,,,,,,,,,,,,,,,,,,,,,,,,,,,,,,,,,,,,,,,,,,,,,,,0.02700668358653576,0.04024641234819274,,,,,,,,,,,,,,,,,,,,,,,,,,,,,,,,,,,,,,,,,,,,,,,,,,,,,,,,,,,,,,,,,,,0.04609153377532226,,,,,,,,,,,,,,,,,,,,,,,,,,,,,,,,,,,,,,,,,,,,,,,,,,,,,,,,,,,,,,,,,,,,,,,,,,,,,,,,,,,,,,,,,,,,,,,,,,,,,,,,,,,,,,,,,,,,,,,,,,,,,,,,,,,,,,,,,,,,,,,,,,,,,,,,,,,,,,,,,,,,,,,,,,,,,,,,,,,,,,,,,,,,,,,,,,,,,,,,,,,,,,0.12877285180025178,0.06200913412220376,,,,,,,0.06200913412220376,,,,,,0.06200913412220376,0.06200913412220376,,,,,,,,,,,,,,,,,,,,,,,,0.14990380288693356,0.07405033394876301,0.07405033394876301,0.07405033394876301,0.06200913412220376,0.07405033394876301,,,,,,,,,,,,,,,,,,,,,,,,,,,,,,,,,,,,,,,,,,,,,,,,,,,,,,,,,,,,,,,,,,,,,,,,,,,,,,,,,,,,,,,,,,,,,,,,,,,,,,,,,,
50,0.028031744977492203,,,,0.009993107239900632,0.009217370248493376,,,0.029630261303972866,,,,,0.0178907733676952,,,,,,,0.036009010761970515,0.03903744866847228,,,,,,0.02022307393947345,,,,,,,,,,,,,,,,,,,,,,,,,,,,,,,,,,0.019400294604400042,,,,,,,,,,,,,,,,,0.019400294604400042,,,,,,,,,,,,,,,,0.04294178418748165,,,,,,,,,,,,,,,,,,,,,,,,,,,,,,,,,,,0.024127409458482827,,,,,,,,,,,,,,0.022035322282526165,,,,,0.021098971551981063,,,,,,,,,,,,,,,,,,,,,,,,0.03353459682298224,,,,,,,,,,,,,,,,,0.03144250964702558,,,,,,,,,,0.03353459682298224,,,,,,,0.03144250964702558,,,,,,,,,,,,,,,,,,,,,,,,,,,,,,,0.04294178418748165,,0.07807489733694456,,0.029630261303972866,,,,,,,,,,,,,,,0.04844463603297169,,,,,,,,,,,,,,,,,,,,,,,,,,,,,,,,,,,,,,,,,,,,,,,,,,,,,,,,,,,,,,,,,,,0.03144250964702558,,,,,,,,,,,,,,,,,,,,,,,,,,,,,,,,,,,,,,,,,,,,,,,,,,,,,,,,,,,,,,,,,0.03353459682298224,,,,,,,,,,,,,,,,,,,,,,,,,,,,,,,,,,,,,,,,,,,,,,,,,,,,,,,,,,,,,,,,,,,,,,,,,,,,,,,0.04844463603297169,0.0578518233974711,0.0578518233974711,0.04844463603297169,0.04844463603297169,0.0578518233974711,0.0578518233974711,,,,,,,,,,,,,,,,,,,,,,,,,,,,,,,,,,,,,,,,,,,,,,,,,,,,,,,,,,,,,,,,,,,,,,,,,,,,,,,,,,,,,,,,,,,,,,,,,,,
51,0.0373756599699896,,,,,,,,,,,,,0.023854364490260266,0.0321698792779771,,,,,,0.048012014349294016,0.05204993155796304,,,,,,,,,,,,0.05204993155796304,,,,,,,,,,,,,,,,,,,,,,,,,,,,0.02586705947253339,,,,,,,,,,,,,,,,,,,,,,,,,,,,,,,,,,,,,,,,,,,,,,,,,,,,,,,,0.03072145818384327,,,,,,,,,,,,,,,,,,,,,,,,0.039507015071963816,,,,,,,,,,,,,,,,,,,,,,,,,,,,,,,,,,,,,,,,,0.041923346196034106,,,,,,,,,,,,0.033744402648368754,,,,,,,,,,,,,,,,,,,,,,,,,,,,,,,,,,,,,,,,,,,0.057255712249975534,,,,,,,,,,,,,,,,,,,,,,,,,,,,,,,,,,,,,,,,,,,,,,,,,,,,,,,,,,,,,,,,,,,,,,,,,,,,,,,,,,,,,0.06459284804396224,,,,,,,,,,,,,,,,,,,,,,0.06459284804396224,,,,,,,,,,,,,,,,,0.06459284804396224,,,,,,,,,,,,,,,,,,,,,,,,,,,,,,,,0.06459284804396224,,,,,,,,,,,,,,,,,,,,,,,,,,,,,0.04471279576397631,,,,,,,,,,,,,,,,,,,,,,,,,,,,,,,,,,,,,,,,,,,,,,,,,,,,0.06459284804396224,0.06459284804396224,0.06459284804396224,0.07713576452996146,0.07713576452996146,0.057255712249975534,0.07713576452996146,,,,,,,,,,,,,,,,,,,,,,,,,,,,,,,,,,,,,,,,,,,,,,,,,,,,,,,,,,,,,,,,,,,,,,,,,,,,,,,,,,,,,,,,,,,,
52,,,,,,,,,,,,,,,,,,,,,,,,,,,,,,,,,,,,,,,,,,,,,,,,,,,,,,,,,,,,,,,,,,,,,,,,,,,,,,,,,,,,,,,,,,,,,,,,,,,,,,,,,,,,,,,,,,,,,,,,,,,,,,,,,,,,,,,,,,,,,,,,,,,,,,,,,,,,,,,,,,,,,0.13413838729192895,,,,,,,,,,,,,,,,,,,,,,,,,0.12577003858810232,,,,,,,,,,,,,,,,,,,,,,,,,,,,,,,,,,,,,,,,,,,,,,,,,,,,,,,,,,,,,,,,,,,,,,,,,,,,,,,,,,,,,,,,,0.09650963783393131,,,,,,,,,,,,,,,,,,,,,,,,,,,,,,,,,,,,,,,,,,,,,,,,,,,,,,,,,,,,,,,,,,,,,,,,,,,,,,,,,,,,,,,,,,,,,,,,,,,,,,,,,,,,,,,,,,,,,,,,,,,,,,,,,,,,,,,,,,,,,,,,,,,,,,,,,,,,,,,,,,,0.14403604304788206,,,,0.11852104521589146,,0.11212697990996881,,,,,,,,,,,,,,,,,,,,,,,,,,,,,,,,,,0.2314072935898844,0.1717671367499266,,,,,,,,,,,,,,,,,,,,,,,,,,,,,,,,,,,,,,,,,,,,,,,,,,,,,,,,,,,,,,,,,,,,,,,,,,,,,,,,,,,,,,,,,,
53,,,,0.01872239669670794,0.011026876954373111,0.02034178261736469,,,0.03269546074921144,,,,,,,,,,,,,,,,,,,,,,,,,,,,,,,,,,,,,,,,,,,,,,,,,,,,,,,,,,,,,,,,,,,,,,,,,,,,,,,,,,,,,,,,,,,,,,,,,,,,,,,,,,,,,,,,,,,,,,,,,0.02662334836798105,,,,,,,,,,,,,,0.024314838380718528,,,,,,,,0.03973408084079505,0.043075805427279755,,0.03269546074921144,0.043075805427279755,,,,,,,,,0.03700369304604936,,,,,,,,,,,,,,,0.03700369304604936,,,,,,,,,,0.03469518305878685,,,,,0.027926402191753456,,,,,,,,,,,,,,,,,,,,,,,,,,,,,,,,,,,,,,,,,,,,,,,,,,,,,,,,,,,,,,,,,,,,,,,,,,,,,,,,,,,,0.02662334836798105,,,,,,,,,,,,,,,,,,,,,,,,,,,,,,,,,,,,,,,,,,,,,,,,,,,,,,,,,,,,,,,,,,,,,,,,,,,,,,,,,,,,,,,,,,,,,,,,,,,,,,,,,,,,,,,,,,,,,,,,,,,,,,,,,,,,,,,,,,,,,,,,,,,,,,,,,,,,0.043075805427279755,,,,,,,0.03973408084079505,,,,0.03269546074921144,,0.03093158066481898,,0.047384037724117686,,,,,,,,,,,,,,,,,,0.053456150105348064,,,,,,,,,,,,,,,,0.053456150105348064,0.053456150105348064,0.06383649478341638,0.047384037724117686,0.053456150105348064,0.043075805427279755,,,,,,,,,,,,,,,,,,,,,,,,,,,,,,,,,,,,,,,,,,,,,,,,,,,,,,,,,,,,,,,,,,,,,,,,,,,,,,,,,,,,
54,,,,0.022011466386670148,0.008642687342616763,0.00797177967437265,,,,,,,,0.015473101290979632,,,,,,,,,,,,,,0.017490226109814877,,,,,,,,,,,,,,,,,,,,,,,,,,,,,,,,,0.02424367133188515,0.05033589951411903,,,,,,,,,,,,,,,,,0.03355726634274602,,,,,,,,,,,,,,,,0.037138840378362514,,,,,,,,,,,,,,,,,,,,,,,,,,0.02562617193857113,,,,,,,,,,,,,,,,,,,,,,,,,,,,,,,,,,0.02562617193857113,,,,,,,,,,,,,,,,,,,,,,,,,,,,,,,,,,,,,,,,,,,,,0.02900289454960626,,,,,,,0.02719352185688699,,,,,,,,,,,,,,,,,,,,,,0.037138840378362514,0.031142928226569097,,,,,,,,,,,,0.02562617193857113,,,,,,,,,,,,,,,,,,,,,,,,,,,,,,,,,,,,,,,,,,,,,,,,,,,,,,,,,,,0.037138840378362514,0.037138840378362514,,0.041898063596083626,,,,,,,,,,,,,,,,,,,,,,,,,,,,,,,,,,,,,,,,,,,,,,,,,,,,,,,,,,,,,,,,,,,,,,,,,,,,,,,,,,,,,0.02900289454960626,,,,,,,,,,,,,,,,,,,,,,,,,,,,,,,,,,,,,,,,,,,,,,,,,,,,,,,,,,,,,,,,,,,,,,,,,0.033762117767327376,,,,,,,,,,0.041898063596083626,,,,0.041898063596083626,0.041898063596083626,,,,,,,,,,,,,0.08379612719216725,0.041898063596083626,0.050034009424839876,0.050034009424839876,0.050034009424839876,0.050034009424839876,0.050034009424839876,,,,,,,,,,,,,,,,,,,,,,,,,,,,,,,,,,,,,,,,,,,,,,,,,,,,,,,,,,,,,,,,,,,,,,,,,,,,,
55,,,,0.018098316806817675,,,,,,,,,,,,,,,,,,,,,,,,,,,,,,,,,,,,,,,,,,,,,,,,,,,,,,,,0.08327989049274086,,,,,,,,,,,,,,,,,,,,,,,,,0.1033485568703396,,,,,,,,,,,,,,,,,,,,,,,,,,,,,,,,,,,,,,,,,,,,,,,,,,,,,,,,,,,,,,,,,,,,,,,,,,,,,,,,,,,,,,0.1033485568703396,,,,,,,0.1033485568703396,,,,,,,,,,,,,,,,,,,,0.1033485568703396,,,,,,,,,,,,,,,,,,,,,,,,,,,,,,,,,,,,,,,,,,,0.06707735391365457,,,,,,,,,,,,,,,,,,,,,,,,,,,,,,,,,,,,,,,,,,,,,,,,,,,,,,,,,,,,,,,,,,,,,,,,,,,,,,,,,,,0.06707735391365457,,,,,,,,,,,,,,,,,,,,,,,,,,,,,,,,,,,,,,,,,,,,,,,,,,,,,,,,,,,,,,,,,,,,,,,,,,,,,,,,,,,,,,,,,,,,0.08327989049274086,,,,,,,,,,,,,,,,,,,,,,,,,,,,,,,,,,,,,,,,,,,,,,,,,,,,,,,,,,,,,,,,0.09160913959996085,,,,,,,,,,,,,,,,,0.12341722324793834,0.12341722324793834,0.12341722324793834,0.09160913959996085,0.12341722324793834,,,,,,,,,,,,,,,,,,,,,,,,,,,,,,,,,,,,,,,,,,,,,,,,,,,,,,,,,,,,,,,,,,,,,,,,
56,,,,0.01233976145919387,,,,,,,,,,0.02602294308028393,,,,,,,,,,,,,,,,,,,,,,,,,,,,,,,,,,,,,,,,,,,,,,,,0.014109305166836394,,,,,,,,,,,,,,,0.03523246256943396,,0.014109305166836394,,,,,,,,,,,,,,,,,,,,,,,,,,,,,,,,,,,,,,,,,,,,,,,,,0.031230388499986658,,,,,,,,,,,,,,,,0.016025688932746304,,,,0.026188371463251283,0.015344706583258955,0.022867279743291332,,0.026188371463251283,0.028390871758888932,,,,,,,,,,,,,,,,0.07046492513886791,,,,,,,,,,,,,,0.022867279743291332,,,,,,,,,,0.031230388499986658,,,,,,,,,,,,,,,,,,,,,,,,,,,,,,,,,,0.03523246256943396,,,0.026188371463251283,,,,,,,,,,,,,,,,,,,,,,,,,,,,,,,,,,,,,,,,,,,,,,0.028390871758888932,,,,,,,,,,,,,,,,,,,,,,,,,,,,,,,,,,,,,,,,,,,,,,,,,,,,,,,,,,,,,,,,,,,,,,,,,,,,,,,,,,,,,,,,,,,,,,,,,,,,,,,,,,,,,,,,,,,,,,,,,,,,,,,,,,,,,,,,,,,0.03523246256943396,0.028390871758888932,,,,,,,,,,,,,,,,,,,,,,,,,,,,,,,,,,,,,,,,,,,,,,,,,,,,,,,0.03523246256943396,,,,,,,,,0.031230388499986658,,,,,,,,,0.028390871758888932,0.03523246256943396,0.03523246256943396,,,,,,,,,0.031230388499986658,,0.042074053379978986,0.042074053379978986,0.042074053379978986,0.042074053379978986,0.042074053379978986,0.03523246256943396,0.042074053379978986,0.03523246256943396,0.042074053379978986,0.08414810675995797,0.042074053379978986,0.042074053379978986,0.042074053379978986,0.042074053379978986,,,,,,,,,,,,,,,,,,,,,,,,,,,,,,,,,,,,,,,,,,,,,,,,,,,,,,,,,,
57,,,,,,,,,,,,,,,,,,,,,,,,,,,,,,,,,,,,,,,,,,,,,,,,,,,,,,,,,,,,,,,,,,,,,,,,,,,,,,,,,,,,,,,,,,,,,,,,,,,,,,,,,,,,,,,,,,,,,,,,,,,,,,,,,,,,,,,,,,,,,,0.04740841808635659,,0.03525651565204187,,,,,,,,,,,,,,,,,,,,,0.053655354916771585,,,,,,,,,,,,,,,,,,,,,,,,,0.05030801543524093,,,,,0.040493283178042516,,,,,,,0.07751141765275471,,,,,,,,,,,,,,,,,,,,,,,,,,,,,,,,,,,,,,,,,,,,,,,,,,,,,,,,,,,,,,,,,,,,,,,,,,,,,0.03860385513357253,,,,,,,,,,,,,,,,,,,,,,,,,,,,,,,,,,,0.06245991786955565,,,,,,,,,,,,,,,,,,,,,,,,,,,,,,,,,,,,,,,,,,,,,,,,,,,,,,,,,,,,,,,,,,,,,,,,,,,,,,,,,,,,,,,,,,,,,,,,,,,,,,,,,,,,,0.053655354916771585,,,,,,,,,,,,,,,,,,,0.05761441721915283,,,,0.04740841808635659,,0.04485079196398753,,,,,,,0.07751141765275471,0.07751141765275471,,,,,,,,,,,,,,,,,,,,,,,,,,,0.06870685469997065,,,,0.06870685469997065,,0.06245991786955565,,,,,,,,,,,,,,,,,,,,,,,,,,,0.09256291743595377,0.09256291743595377,0.09256291743595377,,,,,,,,,,,,,,,,,,,,,,,,,,,,,,,,,,,,,,,,,,,,,,,,,,,,,,,
58,,,0.02647790286065312,,,,,,0.024951798992819255,,,,,0.015065914414901219,,,,,,,0.03032337748376464,0.03287364098397665,,,,,,,,,0.02647790286065312,,,,,,,,,,,,,,,,,,,,,,,,,,,,,,,0.016337090193178982,,,,,,,,,,,,,,,,,,,,,,,,,,,,,,,,,,,,,,0.03287364098397665,,,,,,,,,,,,,,,,,,0.019403026221374697,,,,,,,,,,,,,,,,,,,,,,,,,,,,,,,,,,,,,,,,,,,,,,,,,,,,,,,,,,,,,,,,,,,,,,,,,,,,,0.0213122543042329,,,,,,,,,,,,,,,,,,,,,,,,,,,,,,,,,,,,,,,,,,,,,,,,,,,,,,,,,,,,,,,,,,,,,,,,,,,,,,,,,,0.0815909659502681,0.024951798992819255,0.02031781849135396,,,,,,,,0.0657472819679533,,,,,,,,,,,,,,,,,,,,,,,,,,,,,,,,,,,,,,,,,,,,,,,,,,,,,,,,,0.036161502473668755,,,,,,,,,,,,,,,,,,,,,,,,,,,,,,,,,,,,,,,,,,,,,,,,,,,,,,,,,,,,,,,,,,,,,,,,,,,,,,,,,,,,,,,,,,,,,,,,,,,,,0.03032337748376464,,,0.023605679981046065,,,,,,,,,,,,,,,,,,,,,,,,,,,,,,,,,,,,,,,0.036161502473668755,,,,,,,,,,,,,,,,,,,,0.04079548297513405,,,,,,,,,,,,0.0974346499325829,0.0974346499325829,0.0974346499325829,0.04871732496629145,0.04871732496629145,0.04871732496629145,0.04871732496629145,0.0974346499325829,0.04871732496629145,0.04871732496629145,0.04871732496629145,0.04871732496629145,0.04871732496629145,,,,,,,,,,,,,,,,,,,,,,,,,,,,,,,,,,,,,,,,,,
59,,,,,,,,,,,,,,,,,,,,,,,,,,,,,,,,,,,,,,,,,,,,0.07154047322236211,,,,,,,,,,,,,,,,,0.059801055951983366,,,,,,,,,,,0.04700868753605582,,,,,,,,,,,,,,,,,,,,,,,,,,,,,,,,,,,,,,,,,,,,,,,,,,,,,,,,,,,,,,,,,,,,,,0.06321122411514211,,,,,,,,,,,,,,,,,,,,,,,,,,0.07681922295887043,,,,,,,,,,,,,,,,,,,,,,,,,,,,,,,,,,,,,,,,,,,,,0.1033485568703396,,,,0.07681922295887043,,,,,,,,,,,,,,,,,,,,,,,,,,,,,,,,,,,,,,,,,,,,,,,,,,,,,,,,,,,,,,,,,,,0.07154047322236211,,,,,,,,,,,,,,,,,,,,,,,,,,,,,,,,,,,,,,,,,,,,,,,,,,,,,,,,,,,,,,,,,,,,,,,0.06707735391365457,,,,,,,,,,,,,,,,,,,,,,,,,,,,,,,,,,,,,,,,,,,,,,,,,,,,,,,,,,,,,,,,,,,,0.07154047322236211,,,,,,,,,,,,,,,,,,,,,,,,,,,,,,,,,,,,,,,0.08327989049274086,,,,,,,,,,,,,,,,,,,,,,,,,,,,,,,,,,,,,,,,,,,,,,,,,,,,,,,,,,,,,,,,,,,,,,0.12341722324793834,0.12341722324793834,0.12341722324793834,0.1033485568703396,,,,,,,,,,,,,,,,,,,,,,,,,,,,,,,,,,,,,,
60,,,,,,,,,,,,,,,,,,,,,,,,,,,,,,,,,,,,,,,,,,,,,,,,,,,,,,,,,,,,,,,,,,,,,,,,,,,,,,,,,,,,,,,,,,,,,,,,,,,,,,,,,,,,,,,,,,,,,,,,,,,,,,,,,,,,,,,,,,,,,,,,,,,,,,,,,,,,,,,,,,,,,,,,,,,,,,,,,,,,,,,,,,,,,,,,,,,,,,,,,,,,,,,,,,,,,,,,,,,,,,,,,,,,,,,,,,,,,,,,,,,,,,0.6245991786955565,,,,,,,,,,,,,,,,,,,,,,,,,,,,,,,,,,,,,,,,,,,,,,,,,,,,,,,,,,,,,,,,,,,,,,,,,,,,,,,,,,0.775114176527547,,,,,,,,,,,,,,,,,,,,,,,,,,,,,,,,,,,,,,,,,,,,,,,,,,,,,,,,,,,,,,,,,,,,,,,,,,,,,,,,,,,,,,,,,,,,,,,,,,,,,,,,,,,,,,,,,,,,,,,,,,,,,,,,,,,,,,,,,,,,,,,,,,,,,,,,,,,,,,,,,,,,,,,,,,,,,,,,,,,,,,,,,,,,,,,,,,,,,,,,,,,,,,,,,,,,,,,,,,,,,,,,,,,,,,,,,,,,,,,,,,,,,
61,,,,0.006313366327959654,,0.006859438324460187,,,0.06615128105073012,,,,,0.013314063901540614,,,,,,,,,,,,,0.0267974033577455,0.01504972944332908,,,,,,,,,,,,,,,,,,,,,,,,,,,0.03195667660463751,,,,,,,0.02887485708561867,,,,,,,,,,,,,,,,,,,,,,,,0.0267974033577455,,,,,,,,,,,,,,,,,,,,,,,,,,,,,,,,,,,,,,,,,,,,0.017955281457475592,,,,,,,,,,,,,,,,0.06391335320927502,,,,,,,,,,,,,,,,,,,,,,,,,,,,,,,,,,,,,,,,,,,,,,,,,,,,,,,,,,0.09587002981391253,,,,,,,,,,,,,,,,,,,,,,,,,,,,,,,,,,,0.036051822164071955,,,,,,,,,,,,,,,,,,,,,,,,,,,,,,,,,,,,,,,,,,,,,0.0499119580621131,,,,,,,,,,,,,,,,,,,,,,,,,,,,,,,,,,,,,,,,,,,,,,,,,,,,,,,,,,,,,,,,,,,,,,,0.046798153893247374,,,,,,,,,,,,,,,,,,,,,,0.036051822164071955,,,,,,,,,,,,,,,,,,,,,,,,,,,,,,,,,,,,,,,,,,,,,,,,,,,,0.12782670641855004,,,,,,,,,,,,,,,,,,,,0.058102249180981995,0.03195667660463751,,,,,,,,,,,,,,,,0.036051822164071955,,,,,,,,,,,,,,,,,,0.036051822164071955,0.036051822164071955,,,,,,,,,,,,,,,,,,,,,,,,,,,,,,,,,,,,,,,,,,,,,,,,,,,0.043052519737652915,0.043052519737652915,0.043052519737652915,0.043052519737652915,0.12915755921295874,0.043052519737652915,0.043052519737652915,,,,,,,,,,,,,,,,,,,,,,,,,,,,,,,
62,,,,,,,,,,,,,,,,,,,,,,,,,,,,,,,,,,,,,,0.17845690819873042,,,,,,,,,,,,,,,,,,,,,,,,,,,,,,,,,,,,,,,,,,,,,,,,,,,,,,,,,,,,,,,,,,,,,,,,,,,,,,,,,,,,,,,,,,,,,,,,,,,,,,,,,,,,,,,,,,,,,,,,,,,,,,,,,,,,,,,,,,,,,,,,,,,,,,,,,,,,,0.11569509479440716,,,,,,,,,,,,,,,,,,,,,,,,,,,,,,,,,,,,,,,,,,,,,,,,,,,,,,,,,,,,,,,,,,,,,,,,,,,,,,,,,,,,,,,,,,,,,,,,,,,,,,,,,,,,,,,,,,,,,,,,,,,,,,,,,,,,,,,,,,,,,,,,,,,,,,,,,,,,,,,,,,,,,,,,,,,,,,,,,,,,,,,,,,,,,,,,,,,,,,,,,,,,,,,,,,,,,,,,,,,,,,,,,,,,,,,,,,,,,,,,,,,,,,,,,,,,,,,,,,,,,,,,,,,,,,,,,,,,,,,,,,,,,,,,,,,,,,,,,,,,,,,,,,,,,,,,,,,,,,,,,,,,,,,,,,,,,,,,,,,,,,,,,,,,0.2644654783884393,0.2644654783884393,0.22146119329358485,0.2644654783884393,0.2644654783884393,,,,,,,,,,,,,,,,,,,,,,,,,,
63,,,,,,,,,,,,,,,,,,,,,,,,,,,,,,,,,,,,,,,,,,,,,,,,,,,,,,,,,,,,,,,,,,,,,,,,,,,,,,,,,,,,,,,,,,,,,,,,,,,,,,,,,,,,,,,,,,,,,,,,,,,,,,,,,,,,,,,,,,,,,,,,,,,,,,,,,,,,,,,,,,,,,0.13413838729192895,,,,,,,,,,,,,,,,,,,,,,,,,0.12577003858810232,,,,,,,,,,,,,,,,,,,,,,,,,,,,,,,,,,,,,,,,,,,,,,,,,,,,,,,,,,,,,,,,,,,,,,,,,,,,,,,,,,,,,,,,,0.09650963783393131,,,,,,,,,,,,,,,,,,,,,,,,,,,,,,,,,,,,,,,,,,,,,,,,,,,,,,,,,,,,,,,,,,,,,,,,,,,,,,,,,,,,,,,,,,,,,,,,,,,,,,,,,,,,,,,,,,,,,,,,,,,,,,,,,,,,,,,,,,,,,,,,,,,,,,,,,,,,,,,,,,,0.14403604304788206,,,,0.11852104521589146,,0.11212697990996881,,,,,,,,,,,,,,,,,,,,,,,,,,,,,,,,,,,,,,,,,,,,,,,,,,,,,,,,,,,,,,,,,,,,,,,,,,,,,,,,,,,,,,,,,,,,,,,,,,,,0.2314072935898844,0.2314072935898844,,,,,,,,,,,,,,,,,,,,,,,,
64,,,,,0.014535428712582737,0.013407083997808548,,,0.04309856189668781,,,,,,,,,,,,,,,,,,,,,,,,,,,,,,,,,,,,,,,,,,,,,,,,,,,,,,,,,,,,,,,,,,,,,,,,,,,,,,,,,,,,,,,,,,,,,,,,,,,,,,,,,,,,,0.033514318018738117,,,,,,,,,,,,,,,,,,,,,,,,,,,,,,,,,,,,,,,,,,,,,,,,,,0.052376742926502566,,,,,,,,,,,,,,,,,,,,,,,,,,,0.03681207561640228,,,,,,,,,0.062460776999973315,,,,,,,,,,,,,,,,,,,,,,,,,,,,,,,,,,,,,,,,,,,,,,,,,,,,,,,,,,,,,,,,,,,,,,,,,,0.04309856189668781,0.0350944137577932,,,,,,,,,,,,,,,,,,,,,,,,,,,,,,,,,,,,,,,,,,,,,,,,,,,,,,,,,,,,,,,,,0.062460776999973315,,,,,,,,,,,,,,,,,,,,,,,,,,,,,,,,,,,,,,,,,,,,,,,,,,,,,,,,,,,,,,,,,,,,,,,,,,,,,,,,,,,,,,,,,,,,,,,,,,,,,0.052376742926502566,0.04309856189668781,,0.04077344723998866,0.056781743517777865,,,,,,,,,,,,,,,,,,,,,,,,,,,,,,,,,,0.062460776999973315,,,,,,,,,,,,,,,,,,,,,,,,,,,,,,,,,,,,,,,,,,,,,,,,,,,,,,,,,,,,,,,,,,,0.07046492513886791,0.07046492513886791,0.08414810675995797,0.08414810675995797,0.08414810675995797,0.08414810675995797,0.08414810675995797,,,,,,,,,,,,,,,,,
65,,,,,0.012791177267072809,0.011798233918071522,,,,,,,,0.022900189910649855,,,,,,,0.04609153377532226,,,,,,,,,0.06200913412220376,,,,,,,,,,,,,,,,,,,,,,,,,,,,,,,,,,,,,,,,,,,,,,,,,0.024832377093632056,,,,,,,,,,,,,,,,,,,,,,,,,,,,,,,,,,,,,,,,,,0.03792673446908527,,,,,,,,,,,,,,,,,,,,,,,,,,,,,,,,,,,,,,,,,,,,,,,,,0.03588063357119002,,,,,,,,,,,,,,,,,,,,,,,,,,,,,,,,,,,,,,,,,,,,,,,,,,,,,,,,,,,,,,,,,,,,,,,,,,,,,,,,,,,,,,,,,,,,,,,,,,,,,,,,,,,,,,,,,,,,,,,,,,,,,,,,,,,,,,,,,,,,,,,,0.04996793429564452,,,,,,0.054965483759976515,,,,0.04024641234819274,,,,,,,,,,,,,,,,,,,,,,,,,,,,,,,,,,,,,,,,,0.04996793429564452,,,,,,,,,,,,,,,,,,,,,,,,0.04292428393341727,,,,,,,,,,,,,,,,,,,,,,,,,,,0.04996793429564452,,,,,,,,,,,,,,,,,,,,,,,,,,,,,,,,,,,,,,,,,,,,,,,,,,,,,,,,,,,0.06200913412220376,,,,,,,,,,,,,,,,,,,,,,,,,,,,,,,,,,,,,,,,,,,,,,,,,,,,,,,,,,,,,,,,,,,,,,0.06200913412220376,,,,,0.06200913412220376,0.06200913412220376,,,,,,0.07405033394876301,0.07405033394876301,0.07405033394876301,0.07405033394876301,0.07405033394876301,0.07405033394876301,0.07405033394876301,,,,,,,,,,
66,,,,0.024131089075756902,0.021318628778454682,0.01966372319678587,,,0.021070408038380704,,,,,,0.017157268948254454,,,,,,,,,0.027759963497580288,,,,0.014380852579181121,,,,,,,,,,,,,,,,,,,,,,,,,,,,,,,,,,,,,,,,,,,,,,,,,,,,,,,,,,,,,,,,,,,,,,,,,,,,,0.03053637986665362,,,,,,,,,,,,,,,,,,,,,,,,,,,,,,,,,,,,,,,,,,,,0.015003713103630979,0.02235911797121819,,,,,,,,,,,,,,,,,,,,,,,,,,,,,,0.02384682440745404,,,,0.06107275973330724,,,,,,,,,0.03053637986665362,,,,,,0.055519926995160576,,,,,,,,,,,,,,,,,,,,,,,,,,,,,,,,,,,,,,,,,,,,,,,,,,,,,,,,,,,,,,,,,,,,,,,,,,,,,,,,,,,,,0.04769364881490808,,,,,,,,,,,,,,,,,,,,,,,,,,,,,,,,,,,,,,,,,,,,,,,,,,,,,,,,,,,,,,,,,,,,,,,0.02235911797121819,,,,,,,,,,,,,,,,,,,,,,,,,,,,,,,,,,0.02384682440745404,,,,,,,,,,,,,,,,,,,,,,,,,,,,,,,,,,,,,,,,,0.03053637986665362,,,,,0.027759963497580288,,,,,,,,,,,0.021070408038380704,,,0.027759963497580288,,,,,,,,,,,,,,,,,,,,,,,,,,,,,,,,,,,,,,,,,,,,,,,,,,,0.03053637986665362,,,,,,,,,0.03444951895677987,,,,,,,,,,,,,,,,,,,,,,,,,,0.03444951895677987,,,,,,,,,,,,,,,,,,,,,,,,,,,,,0.04113907441597945,0.04113907441597945,0.04113907441597945,0.0822781488319589,0.04113907441597945,0.0822781488319589,0.04113907441597945,0.04113907441597945,0.04113907441597945,
67,,,,,,,,,,,,,,,,,,,,,,,,,,,,,,,,,,,,,,,,,,,,,,,,,,,,,,,,,,,,,,,,,,,,,,,,,,,,,,,,,,,,,,,,,,,,,,,,,,,,,,,,,,,,,,,,,,,,,,,,,,,,,,,,,,,,,,,,,,,,,,,,,,,,,,,,,,,,,,,,,,,,,,,,,,,,,,,,,,,,,,,,,,,,,,,,,,,,,,,,,,,,,,,,,,,,,,,,,,,,,,,,,,,,,,,,,,,,,,,,,,,,,,,,,,,,,,,,,,,,,,,,,,,,,,,,,,,,,,,,,,,,,,,,,,,,,,,,,,,,,,,,,,,,,,,,,,,,,,,,,,,,,,,,,,,,,,,,,,,,,,,,,,,,,,,,,,,,,,,,,,,,,,,,,,,,,,,,,,,,,,,,,,,,,,,,,,,,,,,,,,,,,,,,,,,,,,,,,,,,,,,0.4292428393341727,,,,,,,,,,,,,,,,,,,,,,,,,,,,,,,,,,,,,,,0.2498396714782226,,,,,,,,,,,,,,,,,,,,,,,,,,,0.2498396714782226,,,,,,,,,,,,,,,,,,,,,,,,,,,,,,,,,,,,,,,,,,,,,,,,,,,,,,,,,,,,,,,,,,,,,,,,,,,,,,,,,,,,0.37025166974381507
68,,,,,0.021318628778454682,0.01966372319678587,,0.08327989049274086,,,,,,,,,,,,,,,,,,,,,,,,,,,,,,,,,,,,,,,,,,,,,,,,,,,,,,,,,,,,,,,,,,,,,,,,,,,,,,,,,,,,,,,,,,,,,,,,,,,,,,,,,,,,,,0.04915433309414923,,,,,,,,,,,,,,,,,,,,,,,,,,,,,,,,,,,,,,,,,,,,,,,,,,,,,,,,,,,,,,,,,,,,,,,,,,,,,0.05399104423739001,,,,,,,,,,,,,,,,,,,,,,,,,,,,,,,,,,,,,,,,,,,,,,,,,,,,,,,,,,,,,,,,,,,,,,,0.07681922295887043,,,,,,,,,,,,0.06321122411514211,,,,,,0.07154047322236211,,,,,,,,,,,,,,,,,,,,,,,,,,,,,,,,,,,,,,,,,,,,,,,,,,,,,,,,,,,,,,,,,,,,,,,0.06707735391365457,,,,,,,,,,,,,,,,,,,,,,,,,,,,,,,,,,,,,,,,,,,,,,,,,,,,,,,,,,,,,,,,,,,,,,,,,,,,,,,,,,,,,,,,0.1033485568703396,,0.07681922295887043,,,0.059801055951983366,,,,0.1033485568703396,,,,,,,,,0.1033485568703396,,,,,,,,,,,,,,,,,,,,,,,,,,,0.1033485568703396,,,,,,,,,,,,,,,,,,,,,,,,,,,,,,,,,,,,,,,,,,,,,,,,,,,,,,,,,,,,,,,,,,,,,,,,,,,,,,,,,,,,,
69,,,,,,,,,,,,,,,,,,,,,,,,,,,,,,,,,,,,,,,,,,,,,,,,,,,,,,,,,,,,,,,,,,,,,,,,,,,,,,,,,,,,,,,,,,,,,,,,,,,,,,,,,,,,,,,,,,,,,,,,,,,,,,,,,,,,,,,,,,,,,,,,,,,,,,,,,,,,,,,,,,,,,,,,,,,,,,,,,,,,,,,,,,,,,,,,,,,,,,,,,,,,,,,,,1.550228353055094,,,,,,,,,,,,,,,,,,,,,,,,,,,,,,,,,,,,,,,,,,,,,,,,,,,,,,,,,,,,,,,,,,,,,,,,,,,,,,,,,,,,,,,,,,,,,,,,,,,,,,,,,,,,,,,,,,,,,,,,,,,,,,,,,,,,,,,,,,,,,,,,,,,,,,,,,,,,,,,,,,,,,,,,,,,,,,,,,,,,,,,,,,,,,,,,,,,,,,,,,,,,,,,,,,,,,,,,,,,,,,,,,,,,,,,,,,,,,,,,,,,,,,,,,,,,,,,,,,,,,,,,,,,,,,,,,,,,,,,,,,,,,,,,,,,,,,,,,,,,,,,,,,,,,,,,,,,,,,,,,,,,,,,,,,,,,,,,,,,,,,,,,,,,,,,,,,,,,,,,,,,,
70,,,,,,,,,,,,,,,,,,,,,,,,,,,,,,,,,,,,,,,,,,,,,,,,,,,,,,,,,,,,,,,,,,,,,,,,,,,,,,,,,,,,,,,,,,,,,,,,,,,,,,,,,,,,,,,,,,,,,,,,,,,,,,,,,,,,,,,,,,,,,,,,,,,,,,,,,,,,,,,,,,,,,,,,,,,,,,,,,,,,,,,,,,,,,,,,,,,,1.3741370939994129,,,,,,,,,,,,,,,,,,,,,,,,,,,,,,,,,,,,,,,,,,,,,,,,,,,,,,,,,,,,,,,,,,,,,,,,,,,,,,,,,,,,,,,,,,,,,,,,,,,,,,,,,,,,,,,,,,,,,,,,,,,,,,,,,,,,,,,,,,,,,,,,,,,,,,,,,,,,,,,,,,,,,,,,,,,,,,,,,,,,,,,,,,,,,,,,,,,,,,,,,,,,,,,,,,,,,,,,,,,,,,,,,,,,,,,,,,,,,,,,,,,,,,,,,,,,,,,,,,,,,,,,,,,,,,,,,,,,,,,,,,,,,,,,,,,,,,,,,,,,,,,,,,,,,,,,,,,,,,,,,,,,,,,,,,,,,,,,,,,,,,,,,,,,,,,,,,,,,,,,,,,,,,,,,,,,,,,,,
